Date,category_name,Amount,Description,notes,Created By
2024-01-04,Office Supplies,8100,BP SABIR DIGITAL,OFFICE SUPPLY & STATIONARY,Account Officer
2024-01-04,Technology,6500,BP ABID CCTV BILLS,OFFICE SUPPLY & STATIONARY,Account Officer
2024-01-04,Miscellaneous,5000,BP DILBAR SANITARY BIILLS,REPAIR & MAINTENANCE,Account Officer
2024-01-04,Miscellaneous,38400,BP 30 BORI CEMENT,REPAIR & MAINTENANCE,Account Officer
2024-01-04,Utilities,7978,BP MUHAMMAD QURESH,ELECTRICITY,Account Officer
2024-01-10,Office Supplies,37500,BP SAFE ALMARI (ASHRAF HASHMI ),GENERAL USE,Account Officer
2024-02-13,Miscellaneous,59936,BP MAQBOOL AIRN SOTRE,REPAIR & MAINTENANCE,Account Officer
2024-02-29,Miscellaneous,18000,BP MISTRI 1500*12,REPAIR & MAINTENANCE,Account Officer
2024-02-29,Miscellaneous,9600,BP MAZDOOR 800*12,REPAIR & MAINTENANCE,Account Officer
2024-02-29,Transportation,5800,BP TRALI,REPAIR & MAINTENANCE,Account Officer
2024-02-29,Office Supplies,800,BP DESK,REPAIR & MAINTENANCE,Account Officer
2024-03-05,Marketing,5000,BP SABIR DIGITAL TAQSEEM INAM PHOTO GRATPHY,PUBLICITY AND,Account Officer
2024-03-05,Marketing,4000,BP SABIR DIGITAL 12*18,PUBLICITY AND,Account Officer
2024-03-05,Office Supplies,600,BP ATTENDANCE REGISTER 4,OFFICE SUPPLY & STATIONARY,Account Officer
2024-03-05,Office Supplies,450,BP PAINT MARKER,OFFICE SUPPLY & STATIONARY,Account Officer
2024-03-05,Office Supplies,800,BP AL QASIM 3 FILE DOUBLE TAPE,OFFICE SUPPLY & STATIONARY,Account Officer
2024-03-05,Miscellaneous,35940,BP RAZZAQ HARDWARE STORE( 10-02-2024 TO 27-02-2024),REPAIR & MAINTENANCE,Account Officer
2024-03-11,Office Supplies,6000,BP 2 CAN CHEMICAL SAFAI K LUE,OFFICE SUPPLY & STATIONARY,Account Officer
2024-03-11,Marketing,3000,BP M YOUSAF,PUBLICITY AND,Account Officer
2024-03-11,Marketing,1000,BP SIR SAAD,PUBLICITY AND,Account Officer
2024-03-11,Miscellaneous,50,BP ALI SHAN,GENERAL USE,Account Officer
2024-03-11,Transportation,150,BP RIKSHA RENT,GENERAL USE,Account Officer
2024-03-11,Salaries,17670,BP SOBIA PARVEEN,STAFF SALARY,Account Officer
2024-03-11,Salaries,12000,BP ADEEBA,STAFF SALARY,Account Officer
2024-03-11,Salaries,14170,BP SOFIA+SAMRA,STAFF SALARY,Account Officer
2024-03-11,Salaries,14500,BP HAIQA,STAFF SALARY,Account Officer
2024-03-11,Salaries,12330,BP FAHMIDA ],STAFF SALARY,Account Officer
2024-03-11,Salaries,28870,BP SABA TARIQ,STAFF SALARY,Account Officer
2024-03-11,Employee Benefits,69120,BP EOBI VOUCHER,TEX,Account Officer
2024-03-11,Office Supplies,530,BP BLUB,OFFICE SUPPLY & STATIONARY,Account Officer
2024-03-12,Salaries,11500,BP TEHMINA SECURITY RETUREN,STAFF SALARY,Account Officer
2024-03-12,Salaries,15370,BP AIMAN,STAFF SALARY,Account Officer
2024-03-12,Office Supplies,350,BP 1 LOCK,OFFICE SUPPLY & STATIONARY,Account Officer
2024-03-12,Office Supplies,400,BP 2 BLUB,OFFICE SUPPLY & STATIONARY,Account Officer
2024-03-12,Salaries,24250,BP ALI MOAVIA,STAFF SALARY,Account Officer
2024-03-12,Office Supplies,1500,BP FILE+PENCIL AL QASIM BILLS,OFFICE SUPPLY & STATIONARY,Account Officer
2024-03-12,Transportation,200,BP PETROL,GENERAL USE,Account Officer
2024-03-12,Travel,780,BP SIR HAMID SAHIWAL BOARD,GENERAL USE,Account Officer
2024-03-12,Marketing,2500,BP HAJI SHAIB,PUBLICITY AND,Account Officer
2024-03-12,Salaries,25500,BP SIR ASIF,STAFF SALARY,Account Officer
2024-03-12,Salaries,15500,BP SIR ABU BAKAR,STAFF SALARY,Account Officer
2024-03-13,Office Supplies,15580,BP AL QASIM BOOK,OFFICE SUPPLY & STATIONARY,Account Officer
2024-03-13,Food & Dining,3240,BP MISALA GHR KY LY E,GENERAL USE,Account Officer
2024-03-13,Miscellaneous,2900,BP GHR USE,GENERAL USE,Account Officer
2024-03-13,Utilities,7980,BP PTCL BILLS,INTERNET CHARGES,Account Officer
2024-03-13,Salaries,22500,BP SIR AQIB,STAFF SALARY,Account Officer
2024-03-13,Salaries,8670,BP MAHA SALLRY,STAFF SALARY,Account Officer
2024-03-13,Salaries,26500,BP ASHIQ HUSAIN,STAFF SALARY,Account Officer
2024-03-13,Marketing,3000,BP HAJI SHAIB,PUBLICITY AND,Account Officer
2024-03-13,Salaries,39650,BP SIR ARSLAN,STAFF SALARY,Account Officer
2024-03-14,Miscellaneous,14600,BP KAMRAN VILLAGE LABOUR AMOUNT *7/6*,REPAIR & MAINTENANCE,Account Officer
2024-03-14,Miscellaneous,7000,BP MITI + RATE,REPAIR & MAINTENANCE,Account Officer
2024-03-14,Office Supplies,960,BP SHOPER BILL,OFFICE SUPPLY & STATIONARY,Account Officer
2024-03-14,Salaries,11700,BP NAZIA SHAMIM,STAFF SALARY,Account Officer
2024-03-14,Salaries,730,BP SABA SALEEM,STAFF SALARY,Account Officer
2024-03-14,Marketing,3000,BP HIJI ABDUR REHMAN,PUBLICITY AND,Account Officer
2024-03-14,Marketing,1000,BP ABIDA ADMISSION BOUNOUS,PUBLICITY AND,Account Officer
2024-03-14,Salaries,8400,BP QARIA HAFSA,STAFF SALARY,Account Officer
2024-03-14,Food & Dining,230,BP NEMAT GHI,GENERAL USE,Account Officer
2024-03-15,Miscellaneous,31310,BP KAMRAN VILLAGE CEMENT 25 BORI,REPAIR & MAINTENANCE,Account Officer
2024-03-15,Marketing,20000,BP SAHIWAL PUBLIC CITY SIR HAMID,PUBLICITY AND,Account Officer
2024-03-15,Salaries,26500,BP SAFDAR SAHIB,STAFF SALARY,Account Officer
2024-03-15,Salaries,6583,BP WAJIHA,STAFF SALARY,Account Officer
2024-03-15,Marketing,2000,BP AIMAN ADMISSION BOUNOUS,PUBLICITY AND,Account Officer
2024-03-16,Salaries,7833,BP MUBEEN,STAFF SALARY,Account Officer
2024-03-16,Salaries,8250,BP SANA RAZAQ,STAFF SALARY,Account Officer
2024-03-16,Salaries,5833,BP RIDA,STAFF SALARY,Account Officer
2024-03-16,Salaries,11170,BP SHAZIA SHOUKAT,STAFF SALARY,Account Officer
2024-03-16,Salaries,9333,BP SAIMA BASHIR,STAFF SALARY,Account Officer
2024-03-16,Salaries,5870,BP HIBA,STAFF SALARY,Account Officer
2024-03-16,Miscellaneous,3700,BP VILLAGE,REPAIR & MAINTENANCE,Account Officer
2024-03-16,Miscellaneous,1000,BP IMTIAZ,REPAIR & MAINTENANCE,Account Officer
2024-03-16,Marketing,3000,BP HAJI ABDUL REHMAN,PUBLICITY AND,Account Officer
2024-03-18,Miscellaneous,1200,BP VILLAGE RATE,REPAIR & MAINTENANCE,Account Officer
2024-03-18,Miscellaneous,135000,BP MAKAH MARBAL FACTORY,REPAIR & MAINTENANCE,Account Officer
2024-03-18,Miscellaneous,45000,BP VILLAGE ELOMONIUM BILLS SOHAL ABBAS,REPAIR & MAINTENANCE,Account Officer
2024-03-19,Miscellaneous,72500,BP VILLAGE SAJID GRIL BILLS,REPAIR & MAINTENANCE,Account Officer
2024-03-19,Miscellaneous,960,BP SHOPO CITY,GENERAL USE,Account Officer
2024-03-19,Miscellaneous,24500,BP VILLAGE TANKEY BILLS #,REPAIR & MAINTENANCE,Account Officer
2024-03-19,Miscellaneous,16450,BP VILLAGE 10 BORI CEMENT +20 BAJRI+COLOUR,REPAIR & MAINTENANCE,Account Officer
2024-03-19,Marketing,5000,BP FAROOQ RENT,PUBLICITY AND,Account Officer
2024-03-19,Salaries,10330,BP ASIFA,STAFF SALARY,Account Officer
2024-03-19,Salaries,6850,BP NAHIDA,STAFF SALARY,Account Officer
2024-03-19,Marketing,2500,BP HAJI ABDUL REHMAN,PUBLICITY AND,Account Officer
2024-03-19,Salaries,9580,BP AMNA ANWAR,STAFF SALARY,Account Officer
2024-03-19,Salaries,11750,BP REMMEL,STAFF SALARY,Account Officer
2024-03-19,Employee Benefits,19200,BP SOCIAL SECURITY,TEX,Account Officer
2024-03-20,Salaries,10917,BP ANUM IRFAN,STAFF SALARY,Account Officer
2024-03-20,Salaries,8373,BP FARAH,STAFF SALARY,Account Officer
2024-03-20,Marketing,2500,BP HAJI RENT,PUBLICITY AND,Account Officer
2024-03-20,Salaries,7170,BP SHAMRAIZA,STAFF SALARY,Account Officer
2024-03-20,Salaries,10170,BP RAZIA RASHEED,STAFF SALARY,Account Officer
2024-03-22,Transportation,700,BP PATROOL,PUBLICITY AND,Account Officer
2024-03-22,Salaries,9500,BP NOOR,STAFF SALARY,Account Officer
2024-03-25,Miscellaneous,18000,BP VILLAGE SAJID ANGEL BILLS,REPAIR & MAINTENANCE,Account Officer
2024-03-25,Marketing,25000,BP SANI TENT SERVICES,PUBLICITY AND,Account Officer
2024-03-25,Miscellaneous,4700,BP HAJI FAROOQ LAKDI BILLS,GENERAL USE,Account Officer
2024-03-25,Salaries,12000,BP HAFSA MANZOOR,STAFF SALARY,Account Officer
2024-03-25,Office Supplies,500,BP MEDICIEN (DRIVER),OFFICE SUPPLY & STATIONARY,Account Officer
2024-03-25,Education & Affiliation Fees,1000,BP AIZA FEES RETURN,FEE RETURN,Account Officer
2024-03-25,Marketing,3000,BP HAJI ABDUL REHMAN,PUBLICITY AND,Account Officer
2024-03-25,Miscellaneous,5500,BP VILLAGE ENT KA BILLS SADDIQUE,REPAIR & MAINTENANCE,Account Officer
2024-03-25,Salaries,11170,BP MEHNAZ,STAFF SALARY,Account Officer
2024-03-25,Miscellaneous,25000,BP SHISHA BILLS SOHAIL ABBAS,REPAIR & MAINTENANCE,Account Officer
2024-03-25,Food & Dining,12000,BP CANTEEN BILLS,PUBLICITY AND,Account Officer
2024-03-25,Food & Dining,1710,BP DAHI+RENT,GENERAL USE,Account Officer
2024-03-26,Salaries,9000,BP SABA FARYAD,STAFF SALARY,Account Officer
2024-03-26,Marketing,3000,BP HAJI RENT,PUBLICITY AND,Account Officer
2024-03-26,Salaries,500,BP TAHIRA,STAFF SALARY,Account Officer
2024-03-26,Salaries,500,BP NADIA,STAFF SALARY,Account Officer
2024-03-26,Marketing,2000,BP WAQAR SALEEM,PUBLICITY AND,Account Officer
2024-03-26,Miscellaneous,500,BP VILLAGE KONDAY,REPAIR & MAINTENANCE,Account Officer
2024-03-26,Miscellaneous,400,BP BAIRING,GENERAL USE,Account Officer
2024-03-26,Office Supplies,4500,BP MEDICINE,OFFICE SUPPLY & STATIONARY,Account Officer
2024-03-26,Miscellaneous,130,BP,GENERAL USE,Account Officer
2024-03-26,Miscellaneous,9270,BP SIR QURESHH,GENERAL USE,Account Officer
2024-03-27,Miscellaneous,31500,BP 25 BORI CEMENT 31500,REPAIR & MAINTENANCE,Account Officer
2024-03-27,Marketing,3000,BP ADMISSSION BONOUS,PUBLICITY AND,Account Officer
2024-03-27,Transportation,500,BP WAQAR SALEEM PETROL,PUBLICITY AND,Account Officer
2024-03-27,Office Supplies,1550,BP REPAIR CHAIRS,REPAIR & MAINTENANCE,Account Officer
2024-03-27,Marketing,3000,BP HAJI RENT,PUBLICITY AND,Account Officer
2024-03-27,Marketing,10000,BP ZOHAIB (TALENT TEST AWARD),PUBLICITY AND,Account Officer
2024-03-27,Miscellaneous,2240,BP SHAH SAHIB,GENERAL USE,Account Officer
2024-03-27,Office Supplies,960,BP SAFAI L KYE KAPDY LIYE,OFFICE SUPPLY & STATIONARY,Account Officer
2024-03-27,Miscellaneous,12355,BP MUHAMMAD QURESH,GENERAL USE,Account Officer
2024-03-27,Miscellaneous,18400,BP VILLAGE K LYE DOOR BHEJE,REPAIR & MAINTENANCE,Account Officer
2024-03-27,Office Supplies,600,BP AL RAZA 600,OFFICE SUPPLY & STATIONARY,Account Officer
2024-03-27,Office Supplies,3000,BP AL QASIM BOOK CENTER,OFFICE SUPPLY & STATIONARY,Account Officer
2024-03-27,Office Supplies,176580,BP MEDICINE,OFFICE SUPPLY & STATIONARY,Account Officer
2024-03-27,Office Supplies,460,BP TISSUE,OFFICE SUPPLY & STATIONARY,Account Officer
2024-03-27,Transportation,6000,BP MEDICINE LENE K LYE PETROL LAGA,OFFICE SUPPLY & STATIONARY,Account Officer
2024-03-28,Miscellaneous,8400,BP VILLAGE HERMAIN TILES,REPAIR & MAINTENANCE,Account Officer
2024-03-28,Transportation,800,BP RAJPUT CARGO,GENERAL USE,Account Officer
2024-03-28,Miscellaneous,1000,BP SCHOOL M KIL KA BIL DIYA,REPAIR & MAINTENANCE,Account Officer
2024-03-28,Miscellaneous,1070,BP PAINTS KA BILL,REPAIR & MAINTENANCE,Account Officer
2024-03-28,Miscellaneous,5250,BP 3 BORI CEMENT +25 FOOT RATE,REPAIR & MAINTENANCE,Account Officer
2024-03-28,Marketing,2000,BP HAJI ABDUL REHMAN,PUBLICITY AND,Account Officer
2024-03-28,Transportation,2600,BP VILLAGE M RAKSHA RENT DIYA,REPAIR & MAINTENANCE,Account Officer
2024-03-28,Marketing,1000,BP WAQAR SALEEM,PUBLICITY AND,Account Officer
2024-03-28,Miscellaneous,14400,BP VILLAGE MAZDORI,REPAIR & MAINTENANCE,Account Officer
2024-03-28,Miscellaneous,20000,BP VILLAGE PATHAR LAGANE K LYE,REPAIR & MAINTENANCE,Account Officer
2024-03-28,Office Supplies,54740,BP MUHAMMAD BOOTA,PHTOCOPY,Account Officer
2024-03-28,Miscellaneous,5300,BP VILLAGE RATE BILLS,REPAIR & MAINTENANCE,Account Officer
2024-03-29,Miscellaneous,3400,BP PARCEL,GENERAL USE,Account Officer
2024-03-29,Marketing,2500,BP HAJI ABDUL REHMAN,PUBLICITY AND,Account Officer
2024-03-30,Miscellaneous,9000,BP,GENERAL USE,Account Officer
2024-03-30,Salaries,2000,BP HAJI ABDUL REHMAN,STAFF SALARY,Account Officer
2024-03-30,Miscellaneous,7700,BP PARSEL,GENERAL USE,Account Officer
2024-03-30,Marketing,4500,BP YOUSAF,PUBLICITY AND,Account Officer
2024-03-30,Miscellaneous,50000,BP VILLAGE IMRAN BHOLAR,REPAIR & MAINTENANCE,Account Officer
2024-03-02,Salaries,21000,BP SHAHID ZAMAN,STAFF SALARY,Account Officer
2024-03-02,Marketing,9000,BP SABIR DIGITAL,PUBLICITY AND,Account Officer
2024-03-02,Miscellaneous,10000,BP SIR QURESH CASH,GENERAL USE,Account Officer
2024-03-04,Travel,11000,BP SIR HAMID SAHIWAL,GENERAL USE,Account Officer
2024-03-04,Marketing,1000,BP SIR SAAD COMPAIN,PUBLICITY AND,Account Officer
2024-03-04,Salaries,6700,BP AYESHA NOREEN,STAFF SALARY,Account Officer
2024-03-04,Technology,300,BP COMPUTER REPAIR,OFFICE SUPPLY & STATIONARY,Account Officer
2024-03-04,Salaries,22530,BP SHAFAQ+MUNIBA,STAFF SALARY,Account Officer
2024-03-04,Salaries,20000,BP BABA HAMEED,STAFF SALARY,Account Officer
2024-03-04,Salaries,21300,BP ABIDA SALARY,STAFF SALARY,Account Officer
2024-03-04,Salaries,10500,BP STAFF SALARY HAFSA,STAFF SALARY,Account Officer
2024-03-04,Salaries,14000,BP PT SHAHNAZ,STAFF SALARY,Account Officer
2024-03-04,Salaries,9100,BP ALISHA,STAFF SALARY,Account Officer
2024-03-04,Education & Affiliation Fees,4500,BP FEES RETUREN,FEE RETURN,Account Officer
2024-03-04,Salaries,1400,BP ALI SHAN,STAFF SALARY,Account Officer
2024-03-04,Miscellaneous,8520,BP SIR QURESH,GENERAL USE,Account Officer
2024-03-05,Transportation,1000,BP SIR ABU BAKAR PETROL #,PUBLICITY AND,Account Officer
2024-03-05,Miscellaneous,300,BP SIR KHADIM,GENERAL USE,Account Officer
2024-03-05,Miscellaneous,27400,BP VILLAGE MAZDOR,REPAIR & MAINTENANCE,Account Officer
2024-03-05,Office Supplies,1700,BP STAIONARY BILLS,OFFICE SUPPLY & STATIONARY,Account Officer
2024-03-05,Miscellaneous,35500,BP VILLAGE BILLS PAID,REPAIR & MAINTENANCE,Account Officer
2024-03-05,Miscellaneous,480,BP SIR RIZWAN,GENERAL USE,Account Officer
2024-03-05,Marketing,3000,BP YOUSAF,PUBLICITY AND,Account Officer
2024-03-05,Office Supplies,17000,BP NADEEM PRINTING PRESS,OFFICE SUPPLY & STATIONARY,Account Officer
2024-03-05,Miscellaneous,10120,BP SIR QURESH,GENERAL USE,Account Officer
2024-03-06,Transportation,1000,BP SIR ASIF PETROL,PUBLICITY AND,Account Officer
2024-03-06,Travel,13000,BP SIR SAAD SAHIWAL EXP,GENERAL USE,Account Officer
2024-03-06,Charity,66000,BP ASIF GOSHT WALA,CHARITY,Account Officer
2024-03-06,Miscellaneous,4800,BP PARCEL,GENERAL USE,Account Officer
2024-03-06,Salaries,41300,BP RAJA NADEEM,STAFF SALARY,Account Officer
2024-03-06,Marketing,3000,BP HAJI ABDUL REHMAN,PUBLICITY AND,Account Officer
2024-03-06,Miscellaneous,2750,BP VILLAGE 25 FT BAJRI BILL,REPAIR & MAINTENANCE,Account Officer
2024-03-06,Salaries,42500,BP WAQAR SHAKEEL,STAFF SALARY,Account Officer
2024-03-06,Salaries,7000,BP HAMZA,STAFF SALARY,Account Officer
2024-03-06,Salaries,24500,BP SHAHID WASEEM,STAFF SALARY,Account Officer
2024-03-06,Salaries,11500,BP ALIZA,STAFF SALARY,Account Officer
2024-03-06,Salaries,4000,BP MUBEEN SHAHID SECURITY,STAFF SALARY,Account Officer
2024-03-06,Marketing,10200,BP SIR ABID KO DIYE,PUBLICITY AND,Account Officer
2024-03-06,Salaries,48700,BP SIR ABID SALARY,STAFF SALARY,Account Officer
2024-03-06,Miscellaneous,10130,BP SIR QURESH,GENERAL USE,Account Officer
2024-03-07,Office Supplies,2500,BP STATIONARY BILLS,OFFICE SUPPLY & STATIONARY,Account Officer
2024-03-07,Salaries,12400,BP ALI SHAN,STAFF SALARY,Account Officer
2024-03-07,Charity,48000,BP BAKRA BILLS,CHARITY,Account Officer
2024-03-07,Miscellaneous,7520,BP SIR KHADIM PARCEL,GENERAL USE,Account Officer
2024-03-07,Salaries,28500,BP WAQAR SALEEM,STAFF SALARY,Account Officer
2024-03-07,Marketing,20000,BP TALENT TEST PRIZE,PUBLICITY AND,Account Officer
2024-03-07,Salaries,6170,BP MUBEEN ZULFIQAR,STAFF SALARY,Account Officer
2024-03-07,Office Supplies,1000,BP MEDICINE,OFFICE SUPPLY & STATIONARY,Account Officer
2024-03-07,Miscellaneous,2210,BP MUHAMMAD QURESH,GENERAL USE,Account Officer
2024-03-07,Salaries,11400,BP SALMAN,STAFF SALARY,Account Officer
2024-03-08,Miscellaneous,2500,BP REPAIR MACHINE BILLS,REPAIR & MAINTENANCE,Account Officer
2024-03-08,Miscellaneous,500,BP NAVEED,GENERAL USE,Account Officer
2024-03-08,Miscellaneous,100000,BP VILLAGE ELOMONIUM,REPAIR & MAINTENANCE,Account Officer
2024-03-08,Salaries,36500,BP SHAHID ZAMAN,STAFF SALARY,Account Officer
2024-03-08,Salaries,11400,BP MARIA,STAFF SALARY,Account Officer
2024-03-08,Salaries,35200,BP SAAD RAMAY,STAFF SALARY,Account Officer
2024-03-08,Marketing,2500,BP HAJI RENT,PUBLICITY AND,Account Officer
2024-03-08,Taxes,150000,BP FBR,TEX,Account Officer
2024-03-08,Miscellaneous,16100,BP SIR QURESH,GENERAL USE,Account Officer
2024-03-09,Salaries,34000,BP MASHOOK ZIA,STAFF SALARY,Account Officer
2024-03-09,Salaries,33500,BP MAQBOOL,STAFF SALARY,Account Officer
2024-03-09,Salaries,8000,BP HUMA SOBIA,STAFF SALARY,Account Officer
2024-03-09,Salaries,30300,BP AZHAR SAHIB,STAFF SALARY,Account Officer
2024-03-09,Marketing,4500,BP SABIR PHOTOGRAPHER,PUBLICITY AND,Account Officer
2024-03-09,Salaries,8230,BP QARI IMAM BAKHSH,STAFF SALARY,Account Officer
2024-03-09,Salaries,29660,BP FAIZA GHAFOOR,STAFF SALARY,Account Officer
2024-03-09,Salaries,20000,BP MISBAH,STAFF SALARY,Account Officer
2024-03-09,Salaries,15500,BP IMRAN ASGHAR,STAFF SALARY,Account Officer
2024-03-09,Transportation,45000,BP CAR TRACKER SIM PAKAGE,REPAIR & MAINTENANCE,Account Officer
2024-03-09,Salaries,17000,BP HINA,STAFF SALARY,Account Officer
2024-03-09,Salaries,29500,BP ASAD,STAFF SALARY,Account Officer
2024-03-09,Salaries,19500,BP NABEEL,STAFF SALARY,Account Officer
2024-03-09,Salaries,12000,BP SHIMAL,STAFF SALARY,Account Officer
2024-03-09,Salaries,7570,BP SABA SALEEM,STAFF SALARY,Account Officer
2024-03-09,Education & Affiliation Fees,12700,BP FEES RETUREN,FEE RETURN,Account Officer
2024-04-17,Miscellaneous,173615,BP ADREES TIRDERS ALL BILLS PAID (NILL),GENERAL USE,Account Officer
2024-04-22,Miscellaneous,92530,BP KISAN PAINTS BILLS ALL CLEAR,REPAIR & MAINTENANCE,Account Officer
2024-07-29,Marketing,35000,BP ARY + HUM TV ( SIR ABID),PUBLICITY AND,Account Officer
2024-07-30,Transportation,10000,BP YARIS AND BRV PETROL,MISCELLANEOUS,Account Officer
2024-07-30,Miscellaneous,20000,BP HOME EXPENSE,GENERAL USE,Account Officer
2024-07-27,Food & Dining,1200,BP BROOM AND JUICE,GENERAL USE,Account Officer
2024-07-26,Miscellaneous,13500,BP HOME EXPENSE,GENERAL USE,Account Officer
2024-07-31,Food & Dining,15937,BP ICE BILL,ICE (BURAF),Account Officer
2024-07-31,Miscellaneous,14060,BP PARCEL AND HOME EXPENSE,GENERAL USE,Account Officer
2024-08-01,Utilities,300,BP WORLD TOUCH CABLE NETWORK,GENERAL USE,Account Officer
2024-08-01,Miscellaneous,3700,BP PEPARING WASHING MASHEEN FANE,GENERAL USE,Account Officer
2024-08-01,Office Supplies,1015,BP AL QASIM BOOK CENTER BILL,OFFICE SUPPLY & STATIONARY,Account Officer
2024-08-01,Utilities,2600,BP 3 ZONG SIM BUSINESS BILL,GENERAL USE,Account Officer
2024-08-01,Food & Dining,800,BP MILK BILL,MISCELLANEOUS,Account Officer
2024-08-01,Miscellaneous,400,BP NAKA SAFAI 44/12.L,MISCELLANEOUS,Account Officer
2024-08-01,Miscellaneous,18000,BP MESTRI 12*1500=18000,REPAIR & MAINTENANCE,Account Officer
2024-08-01,Miscellaneous,11700,BP MAZDOOR 13*900=11700,REPAIR & MAINTENANCE,Account Officer
2024-07-25,Food & Dining,4600,BP SARSON OIL+LOCK REPAIR+VEGEATABLES,GENERAL USE,Account Officer
2024-07-25,Miscellaneous,21000,BP MISTRI DARBAR CHAK 44-12/L 14*1500,REPAIR & MAINTENANCE,Account Officer
2024-07-25,Miscellaneous,12600,BP LABOUR CHAK 44-12/L 14*900,REPAIR & MAINTENANCE,Account Officer
2024-07-25,Transportation,18000,BP TROLLY CHAK 44-12/L 15*1200,REPAIR & MAINTENANCE,Account Officer
2024-07-25,Office Supplies,200,BP IRON HANGER,GENERAL USE,Account Officer
2024-07-25,Food & Dining,4500,BP MEAT,GENERAL USE,Account Officer
2024-07-25,Marketing,110000,BP ABID SHB FOR BS PROSPACTIAS,OFFICE SUPPLY & STATIONARY,Account Officer
2024-07-25,Miscellaneous,2200,"BP LAKRI KY PHATTY 44/12,L",REPAIR & MAINTENANCE,Account Officer
2024-07-25,Utilities,44000,BP ALMADINA ELECTRIC STORE,OFFICE SUPPLY & STATIONARY,Account Officer
2024-08-05,Taxes,4000,BP PROFESSIONAL TES,TEX,Account Officer
2024-08-06,Office Supplies,8700,BP CHARPAI 2,GENERAL USE,Account Officer
2024-07-23,Transportation,15000,BP CAR TUANAINING,GENERAL USE,Account Officer
2024-07-23,Utilities,640,BP SNGPL BILL(IFFAT ZAI),GENERAL USE,Account Officer
2024-07-23,Utilities,1500,BP SNGPL BILL GHZANFAR,GENERAL USE,Account Officer
2024-07-23,Miscellaneous,650,BP SIR QURESH,GENERAL USE,Account Officer
2024-07-23,Miscellaneous,22000,BP SALMAN HARDWARE,GENERAL USE,Account Officer
2024-07-23,Food & Dining,1200,BP PATHAN ( CHANNY+MONGFALI),GENERAL USE,Account Officer
2024-08-08,Miscellaneous,5890,BP PARSAL,GENERAL USE,Account Officer
2024-08-08,Miscellaneous,4450,BP PARSAL,GENERAL USE,Account Officer
2024-08-08,Miscellaneous,2600,BP PARSAL,GENERAL USE,Account Officer
2024-08-08,Utilities,31751,BP ELECTRICTY BILL SIR QURESH,ELECTRICITY,Account Officer
2024-07-22,Marketing,110000,BP SIR ABID MAQBOOL BS PROSPACTIC,GENERAL USE,Account Officer
2024-07-22,Miscellaneous,22500,BP SALAGE BILL PAID,GENERAL USE,Account Officer
2024-07-22,Food & Dining,4800,BP PATHAN SY SAMAN KHREDA (CHANY+MAKAI+SOGHI),GENERAL USE,Account Officer
2024-07-22,Utilities,24450,BP SI R KHADIM (TELEPHONE+NET PAKAJES),GENERAL USE,Account Officer
2024-07-20,Miscellaneous,750,BP PHATKARI+ GANDUM KI GOLIYAAN,GENERAL USE,Account Officer
2024-07-20,Food & Dining,1500,BP CHIKEN,GENERAL USE,Account Officer
2024-08-10,Office Supplies,2000,BP ALQASIM BILL,GENERAL USE,Account Officer
2024-08-10,Education & Affiliation Fees,9700,BP FEE RETURN ABDULLAH,GENERAL USE,Account Officer
2024-08-10,Education & Affiliation Fees,6000,BP CAFEE RETURN HUZAIFA + AJVA,GENERAL USE,Account Officer
2024-07-18,Utilities,750,BP PAPO,ELECTRIFICATION,Account Officer
2024-07-18,Miscellaneous,20011,BP MASJAD KA KAAM 44/12.L,GENERAL USE,Account Officer
2024-07-18,Miscellaneous,13055,BP UNCLE BOOTA,GENERAL USE,Account Officer
2024-07-18,Employee Benefits,19230,BP SOCIAL SECURITY BILL,GENERAL USE,Account Officer
2024-07-18,Miscellaneous,2200,BP KARAKARI BILL,GENERAL USE,Account Officer
2024-07-18,Miscellaneous,5600,BP MOLVI FAROOQ (BALAN BILL),GENERAL USE,Account Officer
2024-08-12,Miscellaneous,7016,BP PAISY GUM HUVY,GENERAL USE,Account Officer
2024-08-12,Miscellaneous,3100,BP BIN ABDUL AZIZ,GENERAL USE,Account Officer
2024-08-12,Office Supplies,900,BP NAYA SAVAIRA (SUPRAY),GENERAL USE,Account Officer
2024-08-12,Miscellaneous,4600,BP SONA UREA KHAAD,GENERAL USE,Account Officer
2024-08-12,Miscellaneous,3280,BP BISMILLA PANSAR STORE (SUFAID SEERA+KALI JEERI=SONKH),GENERAL USE,Account Officer
2024-07-15,Miscellaneous,9000,BP AMJAD MESTRI,GENERAL USE,Account Officer
2024-07-15,Charity,10000,BP LANGAR PAKWAI,GENERAL USE,Account Officer
2024-07-15,Miscellaneous,9000,BP SHAH JAHAN,GENERAL USE,Account Officer
2024-07-15,Charity,10000,BP SUFYAN (KHTAM SHARIF) 44/12.L,GENERAL USE,Account Officer
2024-07-15,Miscellaneous,75000,BP SALARY+ELECTRICITY BILL +TUWAL BILL),GENERAL USE,Account Officer
2024-07-15,Miscellaneous,8000,BP TUWAL BILL,GENERAL USE,Account Officer
2024-07-15,Miscellaneous,700,BP HAFSA,GENERAL USE,Account Officer
2024-08-13,Food & Dining,3000,BP DANA,GENERAL USE,Account Officer
2024-08-13,Office Supplies,39500,BP UNCLE BOOTA,PHTOCOPY,Account Officer
2024-08-13,Employee Benefits,79920,BP EOBI BILL PAID,GENERAL USE,Account Officer
2024-08-13,Utilities,119658,BP MEPCO ELECTRICITY BILL,GENERAL USE,Account Officer
2024-08-13,Miscellaneous,5000,BP SAJAD VALDING MAZDOORI,GENERAL USE,Account Officer
2024-08-13,Miscellaneous,2000000,BP MIAN SHAFIQ CHEK NBP (2-78368262),GENERAL USE,Account Officer
2024-07-13,Food & Dining,10300,BP BANANA +MANGO+DATE,GENERAL USE,Account Officer
2024-07-13,Food & Dining,10400,BP WAQAR DAIRY MILK 60KG,GENERAL USE,Account Officer
2024-08-15,Miscellaneous,2900000,BP MIAN SHAFIQ FOR PALAT,GENERAL USE,Account Officer
2024-08-15,Food & Dining,2280,BP OIL SARSO,GENERAL USE,Account Officer
2024-08-15,Utilities,720,BP BEJLI KA SAMAAN,GENERAL USE,Account Officer
2024-08-16,Miscellaneous,60500,BP FARMAR CHOICE 18 BAG,GENERAL USE,Account Officer
2024-08-16,Marketing,75000,BP SIR ABID FOR PROSPACTIC,GENERAL USE,Account Officer
2024-08-17,Utilities,770,BP PAPO ELECTRATION,GENERAL USE,Account Officer
2024-08-17,Utilities,770,BP PAPO ELECTRATION,GENERAL USE,Account Officer
2024-08-19,Utilities,1500,BP PAPO EECTRATION,GENERAL USE,Account Officer
2024-08-19,Miscellaneous,12100,BP ASLAM OPTICAL,GENERAL USE,Account Officer
2024-08-19,Utilities,5200,BP WORLD TUCH CABLE,GENERAL USE,Account Officer
2024-08-19,Charity,239000,BP ADREES TRADERS SAMAAN 11 SHAREEF ( CHEQUE NUMBER CA68307930),GENERAL USE,Account Officer
2024-08-20,Utilities,3000,BP LAHORE ELECTRIC,GENERAL USE,Account Officer
2024-08-22,Office Supplies,800,BP ALQASAM BOOK SENTER,GENERAL USE,Account Officer
2024-08-22,Marketing,15000,BP TIKTOK MULTIMEDIA BILL,GENERAL USE,Account Officer
2024-08-22,Office Supplies,3500,BP BOOKS FOR CHILD,GENERAL USE,Account Officer
2024-08-22,Utilities,100000,BP BILL+ MOP+,ELECTRICITY,Account Officer
2024-08-22,Food & Dining,500,BP OIL,GENERAL USE,Account Officer
2024-08-22,Miscellaneous,230,BP SHOPO CITY,GENERAL USE,Account Officer
2024-08-22,Miscellaneous,600,BP SEHAT PHARMECY,GENERAL USE,Account Officer
2024-08-22,Miscellaneous,370,BP BIN ASHRAF,GENERAL USE,Account Officer
2024-08-22,Miscellaneous,7000,BP TILL KI MAZDOORI,GENERAL USE,Account Officer
2024-08-22,Utilities,710,BP SNGPL IFFAT ZIA,GENERAL USE,Account Officer
2024-08-22,Utilities,1620,BP SNGPL GHAZANFAR,GENERAL USE,Account Officer
2024-08-22,Utilities,660,BP SNGPL SIR QURESH,GENERAL USE,Account Officer
2024-08-24,Transportation,500,BP PETROL,GENERAL USE,Account Officer
2024-08-24,Food & Dining,200,BP ASGHAR+SALMAN BOTTLE,GENERAL USE,Account Officer
2024-08-24,Miscellaneous,400,BP WHEATS MEDICINE,GENERAL USE,Account Officer
2024-08-24,Office Supplies,30000,BP SIR ABID FOR BOOKS,GENERAL USE,Account Officer
2024-08-24,Charity,50000,BP LANGAR,GENERAL USE,Account Officer
2024-08-24,Miscellaneous,1325,BP TCS,GENERAL USE,Account Officer
2024-08-24,Office Supplies,6750,BP AL-QASIM BOOK CENTER,GENERAL USE,Account Officer
2024-08-26,Miscellaneous,2000,BP SAJAD WELDING,REPAIR & MAINTENANCE,Account Officer
2024-08-26,Miscellaneous,100000,BP SAJAD WELDING,REPAIR & MAINTENANCE,Account Officer
2024-08-26,Technology,3550,BP A1 COMPUTER,REPAIR & MAINTENANCE,Account Officer
2024-08-26,Office Supplies,2200,BP SPRAY,GENERAL USE,Account Officer
2024-08-26,Food & Dining,1580,BP BURF,ICE (BURAF),Account Officer
2024-08-26,Office Supplies,3400,BP SPRAY + TABLET,GENERAL USE,Account Officer
2024-08-26,Food & Dining,7140,BP SWEETS,GENERAL USE,Account Officer
2024-08-27,Office Supplies,300000,BP SIR ABID MAQBOOL FOR BOOKS,GENERAL USE,Account Officer
2024-08-27,Utilities,1000,BP BILL DARBAR,ELECTRICITY,Account Officer
2024-08-27,Miscellaneous,4150,BP MAZDOORI,GENERAL USE,Account Officer
2024-08-27,Transportation,16550,BP CAR SERVICE,GENERAL USE,Account Officer
2024-08-28,Food & Dining,10000,BP CANTEEN BILL,GENERAL USE,Account Officer
2024-08-28,Employee Benefits,22350,BP SOCIAL SECURITY BILL,GENERAL USE,Account Officer
2024-08-28,Office Supplies,6270,BP PHOTO COPY BILL,GENERAL USE,Account Officer
2024-08-28,Transportation,17000,BP CAR TOKAN,GENERAL USE,Account Officer
2024-09-29,Miscellaneous,780,BP TARPAAL,GENERAL USE,Account Officer
2024-09-29,Education & Affiliation Fees,61000,BP SIR ABID MAQBOOL FOR BS PROGRAMM,GENERAL USE,Account Officer
2024-09-29,Miscellaneous,10000,BP SHAH JAHAN,GENERAL USE,Account Officer
2024-08-30,Office Supplies,9700,BP ALMADINA PHOTOSTATE RIM BILL,OFFICE SUPPLY & STATIONARY,Account Officer
2024-08-30,Office Supplies,1250,BP RAHMANIA BILL,OFFICE SUPPLY & STATIONARY,Account Officer
2024-08-30,Miscellaneous,2500,BP ABDI,1775,Account Officer
2024-08-30,Miscellaneous,240,BP ABID MAQCOOL,GENERAL USE,Account Officer
2024-08-30,Transportation,8000,BP PETROLL,GENERAL USE,Account Officer
2024-08-30,Food & Dining,5000,BP VEGETABLES,GENERAL USE,Account Officer
2024-08-30,Education & Affiliation Fees,2000,BP E STAMP,GENERAL USE,Account Officer
2024-08-31,Food & Dining,14875,BP ICE BILL,GENERAL USE,Account Officer
2024-08-31,Miscellaneous,388,BP SHOPO CITY,GENERAL USE,Account Officer
2024-08-31,Office Supplies,4970,BP ALQASAM RIM BILL,GENERAL USE,Account Officer
2024-08-31,Miscellaneous,500,BP MACHINE,GENERAL USE,Account Officer
2024-09-02,Office Supplies,970,BP GERMAN WHITE GLUE,GENERAL USE,Account Officer
2024-09-02,Technology,2300,BP ALWAHAB COMPUTER,OFFICE SUPPLY & STATIONARY,Account Officer
2024-09-02,Miscellaneous,21500,BP UNIFORM,GENERAL USE,Account Officer
2024-09-02,Charity,10000,BP KHIRAAT DI,GENERAL USE,Account Officer
2024-09-03,Taxes,150000,BP INCOME TEX ADVANCE 2 INSTALLMENT,TEX,Account Officer
2024-09-03,Transportation,8000,BP CAR PATROL,GENERAL USE,Account Officer
2024-09-03,Office Supplies,110000,BP CHAIR BILL ADVANCE,GENERAL USE,Account Officer
2024-09-03,Utilities,1600,BP PAPO ELECTRATION,GENERAL USE,Account Officer
2003-02-09,Miscellaneous,45000,BP HAKIM KO BUFFALO KA 1/3 HISA DIA,GENERAL USE,Account Officer
2024-09-03,Office Supplies,1100,BP LAB STAMP,OFFICE SUPPLY & STATIONARY,Account Officer
2024-09-04,Miscellaneous,7626,BP SHOPO CITY BILL,GENERAL USE,Account Officer
2024-09-04,Miscellaneous,30000,BP ARCO PAINT,GENERAL USE,Account Officer
2024-09-04,Miscellaneous,34800,BP RAZAQ HARD WHERE,GENERAL USE,Account Officer
2024-09-04,Miscellaneous,31000,BP AMJAD MESTERI,GENERAL USE,Account Officer
2024-09-09,Miscellaneous,2580,BP GLASS,GENERAL USE,Account Officer
2024-09-09,Office Supplies,100,BP CHAIR REPAIRING,OFFICE SUPPLY & STATIONARY,Account Officer
2024-09-09,Utilities,3890,BP PTCL BILL PAID,OFFICE SUPPLY & STATIONARY,Account Officer
2024-09-09,Education & Affiliation Fees,12000,BP 9TH READMISSION FEE PAID + RENT,OFFICE SUPPLY & STATIONARY,Account Officer
2024-10-23,Miscellaneous,21000,BP SAJAD ( BACEMENT GRILL),GENERAL USE,Account Officer
2024-10-23,Utilities,8200,BP SIR KHADIM ALL PAKAJES,OFFICE SUPPLY & STATIONARY,Account Officer
2024-10-23,Office Supplies,5300,BP ALQASAM BOOK CENTER,GENERAL USE,Account Officer
2024-10-23,Marketing,8000,BP NADIR FLEX,GENERAL USE,Account Officer
2024-10-23,Miscellaneous,150000,BP SALMAN HARD WERE,GENERAL USE,Account Officer
2024-10-23,Technology,20200,BP SIR KHADIM FOR SOFTWERE,GENERAL USE,Account Officer
2024-10-23,Office Supplies,2400,BP ALQASAM BOOK( PAPER 6 KG),GENERAL USE,Account Officer
2024-10-23,Miscellaneous,2200,BP PESTISIDE,GENERAL USE,Account Officer
2024-09-11,Education & Affiliation Fees,30000,BP SIR ABID FOR UNIVERSITY,OFFICE SUPPLY & STATIONary,Account Officer
2024-09-12,Food & Dining,680,BP OIL,GENERAL USE,Account Officer
2024-09-12,Miscellaneous,11750,BP MAZDOORI,GENERAL USE,Account Officer
2024-09-12,Miscellaneous,7600,BP SAJJAD,GENERAL USE,Account Officer
2024-09-13,Miscellaneous,600,BP PULI,GENERAL USE,Account Officer
2024-09-13,Miscellaneous,6200,BP PESTISIDE,GENERAL USE,Account Officer
2024-09-13,Education & Affiliation Fees,40000,BP SIR ABID FOR UNIVERSITY CONTROLOR,OFFICE SUPPLY & STATIONARY,Account Officer
2024-09-13,Marketing,50000,BP USIF GRAFI,GENERAL USE,Account Officer
2024-09-14,Office Supplies,1980,BP MEDCINE,GENERAL USE,Account Officer
2024-09-14,Miscellaneous,238,BP SHOPO CITY,GENERAL USE,Account Officer
2024-09-16,Miscellaneous,7500,BP MESTERI AMJAD,GENERAL USE,Account Officer
2024-09-16,Utilities,270000,BP ELECTRICITY BILL,GENERAL USE,Account Officer
2024-09-16,Miscellaneous,13500,BP SAJJAD,GENERAL USE,Account Officer
2024-09-16,Office Supplies,133200,BP CHAIR BILL,OFFICE SUPPLY & STATIONARY,Account Officer
2024-09-16,Utilities,3600,BP WATER BILL,GENERAL USE,Account Officer
2024-09-18,Transportation,7500,BP YARIS PATROL,GENERAL USE,Account Officer
2024-09-18,Transportation,10170,BP YARIS OIL CHANGE,GENERAL USE,Account Officer
2024-09-18,Utilities,4200,BP WORLD TUCH CABLE,GENERAL USE,Account Officer
2024-09-18,Miscellaneous,110000,BP EXCOSE BILL,GENERAL USE,Account Officer
2024-09-18,Marketing,100000,BP YOUSAF GRAFI,GENERAL USE,Account Officer
2024-09-19,Food & Dining,5040,BP WANDA BILL MUHAMMAD ISHAQ,GENERAL USE,Account Officer
2024-09-19,Travel,60000,BP SIR ABID MAQBOOL LAHORE K LEYE,OFFICE SUPPLY & STATIONARY,Account Officer
2024-09-23,Marketing,80000,BP YOUSAF GRAFI,GENERAL USE,Account Officer
2024-09-23,Utilities,3000,BP SNGPL BILL,GENERAL USE,Account Officer
2024-09-23,Technology,7500,BP ZAIN COMPUTER,OFFICE SUPPLY & STATIONARY,Account Officer
2024-09-24,Technology,200000,BP ZAIN COMPUTER FOR LAB,OFFICE SUPPLY & STATIONARY,Account Officer
2024-09-26,Marketing,35000,BP CABLE ADD BILL,OFFICE SUPPLY & STATIONARY,Account Officer
2024-09-26,Technology,325000,BP ZAIN COMPUTER BILL FOR LAB,OFFICE SUPPLY & STATIONARY,Account Officer
2024-09-27,Miscellaneous,35000,BP SAJAD WELDING,GENERAL USE,Account Officer
2024-10-24,Technology,51045,BP COMPUTER LINKS BILL,OFFICE SUPPLY & STATIONARY,Account Officer
2024-10-24,Technology,11046,BP BAHU COMPUTER FITTING,OFFICE SUPPLY & STATIONARY,Account Officer
2024-10-24,Charity,5000,BP SADQA,GENERAL USE,Account Officer
2024-10-24,Office Supplies,14066,BP PHOTO COPY BILL,GENERAL USE,Account Officer
2024-10-24,Utilities,4200,BP CABLE+ NET,GENERAL USE,Account Officer
2024-10-01,Utilities,2000,BP PAPO ELECTRATION,GENERAL USE,Account Officer
2024-10-01,Marketing,5500,BP NADIR FLEX,OFFICE SUPPLY & STATIONARY,Account Officer
2024-10-01,Utilities,100,BP LAHORE ELECTRIC,GENERAL USE,Account Officer
2024-10-01,Office Supplies,4050,BP AL MADINA PHOTOSTATE,OFFICE SUPPLY & STATIONARY,Account Officer
2024-10-01,Office Supplies,11600,BP ALQASIM BOOK CENTER,OFFICE SUPPLY & STATIONARY,Account Officer
2024-10-01,Miscellaneous,6450,BP ADREES TRADERS,OFFICE SUPPLY & STATIONARY,Account Officer
2024-10-01,Utilities,300,BP WORLD TUCH CABLE,OFFICE SUPPLY & STATIONARY,Account Officer
2024-10-01,Miscellaneous,4000,BP PLAMBR,GENERAL USE,Account Officer
2024-10-02,Technology,6000,BP ALWAHAB PRINTER,OFFICE SUPPLY & STATIONARY,Account Officer
2024-10-02,Office Supplies,4850,BP ALMADINA PHOTOSTATE,OFFICE SUPPLY & STATIONARY,Account Officer
2024-10-02,Food & Dining,16575,BP ICE BILL,GENERAL USE,Account Officer
2024-10-03,Marketing,15000,BP TIKTOK BILL,OFFICE SUPPLY & STATIONARY,Account Officer
2024-10-03,Utilities,2500,BP PAPO ELECTRATION,GENERAL USE,Account Officer
2024-10-03,Food & Dining,4200,BP MEAT,GENERAL USE,Account Officer
2024-10-04,Transportation,7000,BP YARIS OIL,GENERAL USE,Account Officer
2024-10-04,Office Supplies,3000,BP NEWSPAPER,OFFICE SUPPLY & STATIONARY,Account Officer
2024-10-05,Miscellaneous,9170,BP ADREES TRADERS,GENERAL USE,Account Officer
2024-10-07,Miscellaneous,5000,BP ABUDL SATTAR LOAN,GENERAL USE,Account Officer
2024-10-07,Education & Affiliation Fees,35000,BP DAR-E-NAJAF FEE,GENERAL USE,Account Officer
2024-10-07,Utilities,35000,BP ELECTRICITY BILL,OFFICE SUPPLY & STATIONARY,Account Officer
2024-10-07,Office Supplies,11750,BP MEDCINE,GENERAL USE,Account Officer
2024-10-08,Utilities,55000,BP ELECTRICITY BILL,OFFICE SUPPLY & STATIONARY,Account Officer
2024-10-08,Office Supplies,3720,BP ALQASIM BOOK,OFFICE SUPPLY & STATIONARY,Account Officer
2024-10-08,Miscellaneous,20000,BP MUHAMMAD BOOTA 44/12L LOAN,GENERAL USE,Account Officer
2024-10-08,Office Supplies,700,BP PHPTO COPY BILL,OFFICE SUPPLY & STATIONARY,Account Officer
2024-10-08,Food & Dining,5200,BP OIL,GENERAL USE,Account Officer
2024-10-09,Taxes,2000,BP BOARD TAX,OFFICE SUPPLY & STATIONARY,Account Officer
2024-10-09,Office Supplies,300,BP ALMADINA COLOUR COPY,OFFICE SUPPLY & STATIONARY,Account Officer
2024-10-09,Office Supplies,10291,BP ALMADINA PHOTO COPY BILL,GENERAL USE,Account Officer
2024-10-10,Marketing,17600,BP NADAR FLEX,OFFICE SUPPLY & STATIONARY,Account Officer
2024-10-10,Office Supplies,2600,BP WHITE GOLDEN GLUE,GENERAL USE,Account Officer
2024-10-12,Utilities,138708,BP BILL APNA BANK,ELECTRICITY,Account Officer
2024-10-12,Office Supplies,10291,BP PHOTOCOPY BILL,OFFICE SUPPLY & STATIONARY,Account Officer
2024-10-12,Food & Dining,14000,BP BILL CANTEEN APNA BANK,OFFICE SUPPLY & STATIONARY,Account Officer
2024-10-14,Miscellaneous,2500,BP SAJJAD VELDING,GENERAL USE,Account Officer
2024-10-14,Utilities,1700,BP PTCL BILL,OFFICE SUPPLY & STATIONARY,Account Officer
2024-10-14,Office Supplies,100,BP TISSUE,GENERAL USE,Account Officer
2024-10-14,Food & Dining,1970,BP COLD DRINK,GENERAL USE,Account Officer
2024-10-14,Charity,12645,BP ADRESS TRADERS GAYARVIN SHARIF,GENERAL USE,Account Officer
2024-10-14,Miscellaneous,200000,BP AZWAR 44/12L LAON,GENERAL USE,Account Officer
2024-10-15,Food & Dining,10000,BP WHEAT GRINDING,GENERAL USE,Account Officer
2024-10-15,Education & Affiliation Fees,40000,BP SIR ABID UNIVERSITY K LEYE,OFFICE SUPPLY & STATIONARY,Account Officer
2024-10-15,Office Supplies,1600,BP REGISTER,OFFICE SUPPLY & STATIONARY,Account Officer
2024-10-15,Utilities,209500,BP MADINA ELECTRIC STORE APNA BANK,GENERAL USE,Account Officer
2024-10-15,Miscellaneous,17000,BP SALAN HARDWARE APNA BANK,GENERAL USE,Account Officer
2024-10-17,Office Supplies,9150,BP PHOTO COPY BILL,OFFICE SUPPLY & STATIONARY,Account Officer
2024-10-17,Utilities,2700,BP EAGLE CABLE,GENERAL USE,Account Officer
2024-10-21,Transportation,8000,BP YARIS PETROL,GENERAL USE,Account Officer
2024-10-21,Office Supplies,12694,BP PHOTO COPY BILL,OFFICE SUPPLY & STATIONARY,Account Officer
2024-10-21,Office Supplies,1500,BP ALQASIM,OFFICE SUPPLY & STATIONARY,Account Officer
2024-10-21,Marketing,15000,BP TIKTOK BILL SONARI BANK,OFFICE SUPPLY & STATIONARY,Account Officer
2024-10-21,Utilities,300,BP MIAN ELECTRIC,GENERAL USE,Account Officer
2024-10-22,Technology,1400,BP AL WAHAB PRINTER,OFFICE SUPPLY & STATIONARY,Account Officer
2024-10-22,Office Supplies,60000,BP MEDICARE FOAM,GENERAL USE,Account Officer
2024-10-23,Employee Benefits,22350,BP SOCIAL SECURITY,OFFICE SUPPLY & STATIONARY,Account Officer
2024-10-23,Professional Services,10000,BP SIR ABID DPO OFFICE K LEYE SONERI BILL,OFFICE SUPPLY & STATIONARY,Account Officer
2024-10-23,Food & Dining,4050,BP CANTEEN BILL SONARI BANK,GENERAL USE,Account Officer
2024-10-23,Food & Dining,7860,BP ICE BILL,GENERAL USE,Account Officer
2024-10-23,Food & Dining,4700,BP DATE,GENERAL USE,Account Officer
2024-10-24,Technology,51045,BP COMPUTER LINKS BILL,OFFICE SUPPLY & STATIONARY,Account Officer
2024-10-24,Technology,11046,BP BAHU COMPUTER FITTING BILL,OFFICE SUPPLY & STATIONARY,Account Officer
2024-10-24,Charity,5000,BP SADQA,GENERAL USE,Account Officer
2024-10-24,Office Supplies,4200,BP PHOTO COPY BILL,OFFICE SUPPLY & STATIONARY,Account Officer
2024-10-25,Travel,50000,BP TRIP BUS RENT ADVANCEHABIA MATERO,OFFICE SUPPLY & STATIONARY,Account Officer
2024-10-26,Utilities,2190,BP GASS BILL APNA BANK,OFFICE SUPPLY & STATIONARY,Account Officer
2024-10-26,Office Supplies,700,BP TONOR FILL,OFFICE SUPPLY & STATIONARY,Account Officer
2024-10-28,Marketing,11600,BP NADAR FLEX,OFFICE SUPPLY & STATIONARY,Account Officer
2024-10-28,Office Supplies,14040,BP AL QASAM BOOK CENTER,OFFICE SUPPLY & STATIONARY,Account Officer
2024-10-28,Office Supplies,4420,BP WATAR CULR+GLASS,GENERAL USE,Account Officer
2024-10-28,Transportation,1000,BP RIKSHA RENT,GENERAL USE,Account Officer
2024-07-01,Miscellaneous,100,BP FINE,GENERAL USE,Account Officer
2024-07-01,Miscellaneous,2100,BP NAVEED,GENERAL USE,Account Officer
2024-07-01,Miscellaneous,63000,BP DARBAR,GENERAL USE,Account Officer
2024-07-01,Travel,48700,BP SIR ABID LAHORE FOR GENERAL,OFFICE SUPPLY & STATIONARY,Account Officer
2024-08-02,Food & Dining,9770,BP ICE BILL,GENERAL USE,Account Officer
2024-08-02,Miscellaneous,4635,BP PIPWE BILL,GENERAL USE,Account Officer
2024-08-04,Food & Dining,23100,BP WANDA BILL,GENERAL USE,Account Officer
2024-08-04,Miscellaneous,3800,BP BOOTA,GENERAL USE,Account Officer
2024-08-04,Office Supplies,10500,BP RIM BILL,OFFICE SUPPLY & STATIONARY,Account Officer
2024-07-06,Miscellaneous,200,BP FINE,GENERAL USE,Account Officer
2024-07-08,Miscellaneous,7000,BP UREA KHAAD,GENERAL USE,Account Officer
2024-07-08,Office Supplies,20000,"BP ALI HA,MZA  FIR BOOKS",ELECTRICITY,Account Officer
2024-07-09,Miscellaneous,10000,BP DAP KHAAD.,GENERAL USE,Account Officer
2024-07-09,Miscellaneous,100,BP SIR KHADIM,GENERAL USE,Account Officer
2024-07-09,Miscellaneous,650,BP UNCLE ROOTA BILL,GENERAL USE,Account Officer
2024-07-09,Food & Dining,3000,BP ONION,GENERAL USE,Account Officer
2024-07-09,Miscellaneous,100,BP FINE.,GENERAL USE,Account Officer
2024-07-12,Food & Dining,63500,BP MUHAMMAD ISHAQ WANDA CHEQUE NMBR 172032604,GENERAL USE,Account Officer
2024-07-12,Marketing,15000,BP QAMAR ABBAS TIKTOK CHEQUE NO CA 68307917,OFFICE SUPPLY & STATIONARY,Account Officer
2024-10-31,Charity,10000,BP KHATAM SHARIF K LEYE 44/12.L,GENERAL USE,Account Officer
2024-11-01,Office Supplies,17212,BP PHOTO COPY BILL,OFFICE SUPPLY & STATIONARY,Account Officer
2024-11-01,Miscellaneous,43000,BP SAJJAD KO SERHI K PAISY DIYE SONARI BANK CHAQUE NO CA 753381,GENERAL USE,Account Officer
2024-11-01,Charity,10500,BP LANGHAR PAKWAI,GENERAL USE,Account Officer
2024-11-01,Utilities,300,BP WORLD TUCH CABLE,OFFICE SUPPLY & STATIONARY,Account Officer
2024-11-01,Office Supplies,6899,BP CARE PHARMACY,GENERAL USE,Account Officer
2024-11-04,Utilities,70000,BP BILL ELECTRICITY BILL+MEDICINE +KHAAD+GHAR K LEYE AMOUNT,GENERAL USE,Account Officer
2024-11-04,Food & Dining,520,BP OIL,GENERAL USE,Account Officer
2024-11-04,Utilities,55000,BP ELECTRICITY BILL+GHAR USE K LEYE,GENERAL USE,Account Officer
2024-11-05,Office Supplies,2819,BP ALQSAM BOOK CENTER.,OFFICE SUPPLY & STATIONARY,Account Officer
2024-11-05,Miscellaneous,6000,BP DILBAR PLAMBAR,GENERAL USE,Account Officer
2024-11-05,Employee Benefits,8000,BP BILL SONARI BANK ( CA 75338544),EOBI,Account Officer
2024-11-06,Miscellaneous,7500,BP HASAN COLLING CENYER,GENERAL USE,Account Officer
2024-11-06,Office Supplies,1350,BP TONAR FILL,GENERAL USE,Account Officer
2024-11-06,Office Supplies,1700,BP BP SET,GENERAL USE,Account Officer
2024-11-11,Miscellaneous,20000,BP ALRAHMAN MARBAL,GENERAL USE,Account Officer
2024-10-01,Utilities,2000,BP ELECTRATION BILL,GENERAL USE,Account Officer
2024-10-01,Marketing,5500,BP NADAR FLEX BILL,GENERAL USE,Account Officer
2024-10-01,Utilities,100,BP LAHORE ELECTRIC,GENERAL USE,Account Officer
2024-10-01,Office Supplies,4850,BP ALMADINA PHOTO STATE BILL,OFFICE SUPPLY & STATIONARY,Account Officer
2024-10-01,Office Supplies,11600,BP ALQASIM BOOK CENER,OFFICE SUPPLY & STATIONARY,Account Officer
2024-10-01,Miscellaneous,6450,BP AFREES TRADER,GENERAL USE,Account Officer
2024-10-01,Utilities,300,BP WORLD TOUCH CABLE,OFFICE SUPPLY & STATIONARY,Account Officer
2024-10-01,Miscellaneous,4000,BP PLAMBER BILL,GENERAL USE,Account Officer
2024-10-02,Technology,6000,BP PRINTER REPAIR,OFFICE SUPPLY & STATIONARY,Account Officer
2024-10-02,Office Supplies,4850,BP ALMADINA PHOTO STATE RIM BILL,OFFICE SUPPLY & STATIONARY,Account Officer
2024-10-02,Food & Dining,16575,BP ICE BILL,ELECTRICITY,Account Officer
2024-10-02,Office Supplies,2817,BP ALQASIM BOOK CENTER,OFFICE SUPPLY & STATIONARY,Account Officer
2024-10-03,Marketing,15000,BP TIIKTOK ADD BILL PAID,OFFICE SUPPLY & STATIONARY,Account Officer
2024-10-03,Utilities,2500,BP ELECTRATION BILL,GENERAL USE,Account Officer
2024-10-03,Food & Dining,4200,BP BUCTHER BILL,GENERAL USE,Account Officer
2024-10-04,Transportation,7000,BP CAR FOUL,GENERAL USE,Account Officer
2024-10-04,Office Supplies,3000,BP NEWS PAPER BILL,OFFICE SUPPLY & STATIONARY,Account Officer
2024-10-05,Miscellaneous,9170,BP JAMAT KY LEYE CHEEZAIN LI,GENERAL USE,Account Officer
2024-10-07,Miscellaneous,5000,BP ABDUL SATAR 44/12.L,GENERAL USE,Account Officer
2024-10-07,Education & Affiliation Fees,35000,BP DUR-E- NAJAF FEE,GENERAL USE,Account Officer
2024-10-07,Utilities,35000,BP BILL,ELECTRICITY,Account Officer
2024-10-07,Office Supplies,11750,BP MEDCINE,GENERAL USE,Account Officer
2024-10-09,Taxes,2000,BP BOARD TEX,OFFICE SUPPLY & STATIONARY,Account Officer
2024-10-09,Office Supplies,300,BP ALMADINA CLOUR COPY BILL,OFFICE SUPPLY & STATIONARY,Account Officer
2024-10-09,Utilities,280,BP ALMADINA ELECTRIC BILL,OFFICE SUPPLY & STATIONARY,Account Officer
2024-10-10,Marketing,17600,BP NADIR FLEX,OFFICE SUPPLY & STATIONARY,Account Officer
2024-10-10,Office Supplies,2600,BP WHITE GOLDEN COMPNY BILL,GENERAL USE,Account Officer
2024-10-12,Utilities,138708,BP BILL,ELECTRICITY,Account Officer
2024-10-12,Office Supplies,10291,BP PHOTO COPY BILL,OFFICE SUPPLY & STATIONARY,Account Officer
2024-10-12,Food & Dining,14000,BP CUNTEEN BILL,OFFICE SUPPLY & STATIONARY,Account Officer
2024-10-14,Miscellaneous,25000,BP SAJID WELDING,GENERAL USE,Account Officer
2024-10-14,Utilities,1700,BP TELEPHONE BILL,OFFICE SUPPLY & STATIONARY,Account Officer
2024-10-14,Miscellaneous,100,BP CASH,GENERAL USE,Account Officer
2024-10-14,Food & Dining,1970,BP CASH JUCIE,GENERAL USE,Account Officer
2024-10-14,Charity,12645,BP CASH GHERVI SAHREEF,GENERAL USE,Account Officer
2024-10-14,Miscellaneous,200000,BP AZWAR UMAIR ADVANCE,GENERAL USE,Account Officer
2024-10-14,Office Supplies,2400,BP RIGESTER BILL,OFFICE SUPPLY & STATIONARY,Account Officer
2024-10-15,Food & Dining,10000,BP ATTA PASAI,GENERAL USE,Account Officer
2024-10-15,Food & Dining,1800,BP DANA GADHA,GENERAL USE,Account Officer
2024-10-15,Food & Dining,4200,BP DANA GHADA,GENERAL USE,Account Officer
2024-10-15,Office Supplies,1600,BP RIGSTER,OFFICE SUPPLY & STATIONARY,Account Officer
2024-10-15,Utilities,209500,BP AL MIDINA ELECTRICSTORE,GENERAL USE,Account Officer
2024-10-15,Miscellaneous,170000,BP SALMAN HARDWARE,GENERAL USE,Account Officer
2024-10-17,Office Supplies,9150,BP PHOTOCOPY BILL,OFFICE SUPPLY & STATIONARY,Account Officer
2024-10-17,Utilities,2700,BP EGALE CABLE,GENERAL USE,Account Officer
2024-10-21,Transportation,8000,BP CAR FOUL,GENERAL USE,Account Officer
2024-10-21,Office Supplies,12694,BP PHOTO COPY BILL,OFFICE SUPPLY & STATIONARY,Account Officer
2024-10-21,Office Supplies,1500,BP AL QASAM BOOK CENTER,OFFICE SUPPLY & STATIONARY,Account Officer
2024-10-21,Marketing,15000,BP TIKTOK ADD BILL,OFFICE SUPPLY & STATIONARY,Account Officer
2024-10-21,Food & Dining,51700,BP WANDA BILL,GENERAL USE,Account Officer
2024-10-23,Employee Benefits,22350,BP SOCIAL SEURITY,OFFICE SUPPLY & STATIONARY,Account Officer
2024-10-23,Food & Dining,4050,BP CUNTEEN BILL,OFFICE SUPPLY & STATIONARY,Account Officer
2024-10-23,Food & Dining,7860,BP ICE BILL,OFFICE SUPPLY & STATIONARY,Account Officer
2024-10-24,Technology,51045,BP LINK COMPUETR BILL,OFFICE SUPPLY & STATIONARY,Account Officer
2024-10-24,Technology,11046,BP BAHO COMPUTER FITTING BILL,OFFICE SUPPLY & STATIONARY,Account Officer
2024-10-24,Charity,5000,BP SADQA,GENERAL USE,Account Officer
2024-10-24,Office Supplies,14066,BP PHOTO COPQY BILL,OFFICE SUPPLY & STATIONARY,Account Officer
2024-10-24,Utilities,4200,BP WORLD TOUCH CABLE,OFFICE SUPPLY & STATIONARY,Account Officer
2024-10-25,Travel,50000,BP TRIP ADVANCE PYMENT FOR BUS,OFFICE SUPPLY & STATIONARY,Account Officer
2024-10-26,Office Supplies,700,BP TORNAR FILL,OFFICE SUPPLY & STATIONARY,Account Officer
2024-10-26,Utilities,2190,BP GASS BILL,GENERAL USE,Account Officer
2024-10-28,Marketing,11600,BP NADAR FLEX,OFFICE SUPPLY & STATIONARY,Account Officer
2024-10-28,Office Supplies,14040,BP ALQASAM BILL,OFFICE SUPPLY & STATIONARY,Account Officer
2024-10-28,Office Supplies,4420,BP WATER CULAR +,GENERAL USE,Account Officer
2024-10-29,Office Supplies,450,BP ALQASAM BOOK CENTER,OFFICE SUPPLY & STATIONARY,Account Officer
2024-10-29,Office Supplies,1080,BP MEDCINE,GENERAL USE,Account Officer
2024-10-29,Miscellaneous,4200,BP ADREES TRADER,GENERAL USE,Account Officer
2024-10-31,Charity,10000,BP KHATAM SHAREEF K LEYE,GENERAL USE,Account Officer
2024-11-01,Office Supplies,17212,BP PHOTO COPY BILL,OFFICE SUPPLY & STATIONARY,Account Officer
2024-11-01,Miscellaneous,43000,BP SAJAD WELDING,GENERAL USE,Account Officer
2024-11-01,Charity,10500,BP LANGAR PAKWAI,GENERAL USE,Account Officer
2024-11-01,Utilities,300,BP WORLD TOUCH CABLE,OFFICE SUPPLY & STATIONARY,Account Officer
2024-11-01,Office Supplies,6899,BP CARE PLUS PHARMECY,GENERAL USE,Account Officer
2024-11-02,Office Supplies,2819,BP ALQASAM BOOOK CENTER,OFFICE SUPPLY & STATIONARY,Account Officer
2024-11-04,Utilities,70000,BP BILL CA75338542 SONERI BANK,ELECTRICITY,Account Officer
2024-11-04,Food & Dining,520,BP OIL,GENERAL USE,Account Officer
2024-11-04,Utilities,55000,BP BILL CA 75338543 SONARI,ELECTRICITY,Account Officer
2024-11-04,Miscellaneous,1000,BP ADAM G ENGENRING BILL,GENERAL USE,Account Officer
2024-11-05,Miscellaneous,6000,BP DILBAR PLAMBER,GENERAL USE,Account Officer
2024-11-05,Employee Benefits,80000,BP EOBI BILL,OFFICE SUPPLY & STATIONARY,Account Officer
2024-11-05,Office Supplies,5150,BP ALQASAM BOOK CENETR,OFFICE SUPPLY & STATIONARY,Account Officer
2024-11-05,Office Supplies,450,BP COLOUR COPY LEMINATION,OFFICE SUPPLY & STATIONARY,Account Officer
2024-11-06,Miscellaneous,7500,BP HASN COOLING CENTER,GENERAL USE,Account Officer
2024-11-06,Office Supplies,1350,BP TONAR FILL,OFFICE SUPPLY & STATIONARY,Account Officer
2024-11-06,Office Supplies,1700,BP BP SET,GENERAL USE,Account Officer
2024-11-06,Miscellaneous,8000,BP PARCAL,OFFICE SUPPLY & STATIONARY,Account Officer
2024-11-06,Miscellaneous,6420,BP PAPULAR,GENERAL USE,Account Officer
2024-11-07,Miscellaneous,2000,BP DILBAR PLAMBER,GENERAL USE,Account Officer
2024-11-07,Miscellaneous,6420,BP PAPULER PIP,GENERAL USE,Account Officer
2024-11-07,Miscellaneous,3000,BP M BOOTA,GENERAL USE,Account Officer
2024-11-07,Transportation,1000,BP RIKSHA RENT,GENERAL USE,Account Officer
2024-11-07,Miscellaneous,17000,BP RAZAQ HARDWERE SONERI CHEQUE NO CA 75338548,GENERAL USE,Account Officer
2024-11-11,Miscellaneous,210000,BP QIST + MAAL MASALA SONERI CHEQUE NO CA 753338550,GENERAL USE,Account Officer
2024-11-11,Miscellaneous,20000,BP RAHMAN MARBAL SONERI BANK CA 75338551,GENERAL USE,Account Officer
2024-11-12,Miscellaneous,21300,BP SAJAD WELDING SONERI BANK CA 75338887,GENERAL USE,Account Officer
2024-11-12,Utilities,17500,BP ELECTRICITY BILL SONERI CHEQUE CA5338855,OFFICE SUPPLY & STATIONARY,Account Officer
2024-11-13,Food & Dining,610,BP SHUGAR,GENERAL USE,Account Officer
2024-11-13,Utilities,60000,BP ALLMADINA BILL SONERI BANK CA75338859,OFFICE SUPPLY & STATIONARY,Account Officer
2024-11-13,Miscellaneous,200000,BP ALHARAM MARBAL,GENERAL USE,Account Officer
2024-11-13,Office Supplies,1000,BP NEWS PAPER BILL,OFFICE SUPPLY & STATIONARY,Account Officer
2024-11-13,Food & Dining,4240,BP OIL,GENERAL USE,Account Officer
2024-11-14,Office Supplies,900,BP ALQASAM BOOK CENTER,OFFICE SUPPLY & STATIONARY,Account Officer
2024-11-14,Miscellaneous,37702,BP PALING BILL,GENERAL USE,Account Officer
2024-11-15,Food & Dining,53350,BP CHOHDARY TRADER WANDA BILL SONERI BANK CA75338864,GENERAL USE,Account Officer
2024-11-16,Miscellaneous,110000,BP GHAZANFAR ENGENGMENT APNA BANK CHEQUE 80004160,GENERAL USE,Account Officer
2024-11-13,Miscellaneous,7500,BP POPULAR PIP,GENERAL USE,Account Officer
2024-11-21,Education & Affiliation Fees,160000,BP KF UNIVERSITY REGISTREATION FEE APNA BANK CHEQUE NO 80004162,OFFICE SUPPLY & STATIONARY,Account Officer
2024-11-21,Utilities,4200,BP WORLD TOUCH CABLE,OFFICE SUPPLY & STATIONARY,Account Officer
2024-11-22,Miscellaneous,125000,BP GHZANFAR SONERI BANK CHEQUQUE NO CA 75338868,GENERAL USE,Account Officer
2024-11-22,Miscellaneous,120000,BP M BOOTA NATION BANK CHEQUE N0 783884,GENERAL USE,Account Officer
2024-11-23,Food & Dining,3750,BP OIL,GENERAL USE,Account Officer
2024-11-25,Miscellaneous,350,BP ABDUR RAH MAN IRON STORE,GENERAL USE,Account Officer
2024-11-25,Office Supplies,7145,BP ALQASAM BOOK CENTER,OFFICE SUPPLY & STATIONARY,Account Officer
2024-11-25,Education & Affiliation Fees,20000,BP SCHOOL VOTURE PAID SONERI BANK CHEQUE NO CA 75338869,OFFICE SUPPLY & STATIONARY,Account Officer
2024-11-26,Food & Dining,1600,BP JUICE,GENERAL USE,Account Officer
2024-11-26,Miscellaneous,25000,BP M BOOTA SONERI BANK CA75338871,GENERAL USE,Account Officer
2024-11-26,Education & Affiliation Fees,40000,BP 10TH CLASS ADMISSION FEE,OFFICE SUPPLY & STATIONARY,Account Officer
2024-11-27,Salaries,150000,BP MASTAR KASHAF ADVANCE SONERI BANK CA75338873,GENERAL USE,Account Officer
2024-11-28,Miscellaneous,4320,BP IRON KA SAMAN,GENERAL USE,Account Officer
2024-11-28,Miscellaneous,1500,BP SUUNY TENT,GENERAL USE,Account Officer
2024-11-28,Miscellaneous,15000,BP ABDUL MAJEED SONRI BANK CA75338874,GENERAL USE,Account Officer
2024-11-29,Miscellaneous,20000,BP M BOOTA SONERI BANK CHEQUE NO CA75338876,GENERAL USE,Account Officer
2024-12-30,Miscellaneous,25000,BP SCHOO,1878,Account Officer
2024-12-30,Miscellaneous,4650,BP PARCAL,GENERAL USE,Account Officer
2024-12-30,Miscellaneous,1680,BP PIPE,GENERAL USE,Account Officer
2024-12-01,Miscellaneous,13065,BP OUTLET FECTORY BILL,GENERAL USE,Account Officer
2024-12-03,Education & Affiliation Fees,226000,BP BOARD ADMISSTION FEE CLASS 9TH,OFFICE SUPPLY & STATIONARY,Account Officer
2024-12-04,Office Supplies,7200,BP ALQASAM BOOK CENTER,OFFICE SUPPLY & STATIONARY,Account Officer
2024-12-05,Miscellaneous,2100,BP POPULAR PIP,GENERAL USE,Account Officer
2024-12-05,Utilities,300,BP WORLD TOUCH CABLE,OFFICE SUPPLY & STATIONARY,Account Officer
2024-12-05,Taxes,190000,BP INCOME TEX+GHAR USE SONERI BANK CHEQUE NO CA75338882,OFFICE SUPPLY & STATIONARY,Account Officer
2024-12-07,Utilities,35000,BP ELECTRICITY BILL+CHOHDARY TRADER BILL CHEQUE APNA 8ANK 80008,GENERAL USE,Account Officer
2024-12-09,Education & Affiliation Fees,25000,BP BOARD ADMISSTION FEE 10TH CLASS CHEQUE SONERI BANK CA7533883,OFFICE SUPPLY & STATIONARY,Account Officer
2024-12-09,Education & Affiliation Fees,300000,BP BOARD ADMISSIOON FEE 9TH +10TH CHEQUE APNA BANK 80004169,OFFICE SUPPLY & STATIONARY,Account Officer
2024-12-09,Miscellaneous,700000,BP JULERY NBP CHEQUE NO 78368265,GENERAL USE,Account Officer
2024-12-10,Office Supplies,186250,BP CHAIR BILL BISMILLAH TRADER,GENERAL USE,Account Officer
2024-12-10,Employee Benefits,145000,BP EOBI+BORD FEECHEQUE SONERI CA 76825427,GENERAL USE,Account Officer
2024-12-10,Miscellaneous,10000,BP M BOOTA CHEQUE SONERI CA 76825431,GENERAL USE,Account Officer
2024-12-11,Office Supplies,9980,BP ALQASAM BOOK CENTER,GENERAL USE,Account Officer
2024-12-11,Miscellaneous,598,BP SHOPY CITY,GENERAL USE,Account Officer
2024-12-13,Charity,20000,BP KHATM SHARIF K LEYE CHEQUE SONERI CA 76825435,GENERAL USE,Account Officer
2024-12-13,Utilities,30000,BP BILL CHEQUE SONERI CA 76825436,ELECTRICITY,Account Officer
2024-12-14,Miscellaneous,260000,BP M BOOTA APNA BANK 80004170,GENERAL USE,Account Officer
2024-12-16,Miscellaneous,42000,BP AZAN SAJAD KAYANI CHEQUE SONERI CA 76825438,GENERAL USE,Account Officer
2024-12-16,Office Supplies,700,BP HIGH QUALITY BILL,OFFICE SUPPLY & STATIONARY,Account Officer
2024-12-16,Miscellaneous,8615,BP SHOPO CITY,GENERAL USE,Account Officer
2024-12-16,Miscellaneous,960,BP SHOPO CITY,GENERAL USE,Account Officer
2024-12-16,Transportation,73830,BP TOYATA SAHIWAL MOTOR,GENERAL USE,Account Officer
2024-12-16,Utilities,4200,BP WORLD TOUCH CABLE,OFFICE SUPPLY & STATIONARY,Account Officer
2024-12-16,Miscellaneous,42000,BP M BOOTA,GENERAL USE,Account Officer
2024-12-17,Miscellaneous,400000,BP JULERY HABIB MATERO CHAQUE NO 172032659,GENERAL USE,Account Officer
2024-12-17,Education & Affiliation Fees,75000,BP SIR ABID AFFILATION FEE CHEQUE SONERI CA 76825439,GENERAL USE,Account Officer
2024-12-18,Miscellaneous,15000,BP M RAFIQ CHEQUE SONERI CA 76825441,GENERAL USE,Account Officer
2024-12-18,Food & Dining,56500,BP WANDA BILL CHEQUE SONERI CA 76825440,GENERAL USE,Account Officer
2024-12-18,Office Supplies,15000,BP CHARI REPARING,GENERAL USE,Account Officer
2024-11-24,Education & Affiliation Fees,400000,BP 1ST YEATR REGISTRTION FEE APNA BANK CHEQUE NO 80004173,OFFICE SUPPLY & STATIONARY,Account Officer
2024-12-23,Miscellaneous,22000,BP SOHAIL ALOMUNIUM BILL APNA BANK CHEQUE NO 80004174,OFFICE SUPPLY & STATIONARY,Account Officer
2024-12-23,Miscellaneous,300000,BP M BOOTA,OFFICE SUPPLY & STATIONARY,Account Officer
2024-12-24,Technology,225000,BP SOCIAL SECURITY +NEW COMPUTER APNA BANK CHEQUE NO 80004176,OFFICE SUPPLY & STATIONARY,Account Officer
2024-12-26,Miscellaneous,12500,BP NDURE,GENERAL USE,Account Officer
2024-12-26,Miscellaneous,350000,BP GHAZANFAR BARAT HABIB MATERO BANK CHEQUE NO 172032660,GENERAL USE,Account Officer
2024-12-27,Miscellaneous,633000,BP M BOOTA,GENERAL USE,Account Officer
2024-12-28,Education & Affiliation Fees,45000,BP REGISTRATION 1ST YEAR APNA BANK CHEQUE NO 80004177,OFFICE SUPPLY & STATIONARY,Account Officer
2024-12-30,Education & Affiliation Fees,40000,BP 1ST YEAR REGISTRATION FEE HABIB MATERO CHEQUE NO 170326662,OFFICE SUPPLY & STATIONARY,Account Officer
2025-01-01,Utilities,43000,BP SLANDER GASS BILL M ASHRAF HABIB MATERO CHAQUE NO 172032663,OFFICE SUPPLY & STATIONARY,Account Officer
2025-01-02,Utilities,3500,BP CHOHDARY TRADER SLANDER GASS BILL,GENERAL USE,Account Officer
2025-01-04,Food & Dining,6300,BP ALMADINA BAKERS SWEET BILL,GENERAL USE,Account Officer
2025-01-06,Miscellaneous,6390,BP J. COMPANY BILL,GENERAL USE,Account Officer
2025-01-06,Office Supplies,4950,BP ALQASIM BOOK CENTER BILL,OFFICE SUPPLY & STATIONARY,Account Officer
2025-01-07,Miscellaneous,650,BP ABDUR RAHMAN ALUMINIUM,REPAIR & MAINTENANCE,Account Officer
2025-01-07,Office Supplies,1000,BP ASEE NEWS AGENCY,NEWS PAPER,Account Officer
2025-01-08,Education & Affiliation Fees,7000,BP SIR SAQIB BOARD REGISTRATION FEE,BISE REGISTRATION,Account Officer
2025-01-08,Utilities,7200,BP UNCLE BOOTA MOBILE PACKAGE,GENERAL USE,Account Officer
2025-01-08,Transportation,2000,BP TOLL PLAZA,GENERAL USE,Account Officer
2025-01-08,Office Supplies,2000,BP CHAIR REPAIRING,REPAIR & MAINTENANCE,Account Officer
2025-01-09,Office Supplies,31500,BP LOGO FOR PRINCIPAL OFFICE,MISCELLANEOUS,Account Officer
2025-01-09,Transportation,1370,BP BIKE SERVIS RASHEED SONS,GENERAL USE,Account Officer
2025-01-09,Education & Affiliation Fees,100400,BP BOARD UNCLE BOOTA,AFFILIATIONS,Account Officer
2025-01-09,Miscellaneous,20000,BP GHR USE,GENERAL USE,Account Officer
2025-01-10,Transportation,8100,BP CAR KA PETROL,GENERAL USE,Account Officer
2025-01-11,Charity,50000,BP LUNGER,GENERAL USE,Account Officer
2025-01-11,Charity,10000,BP CHARITY,GENERAL USE,Account Officer
2025-01-13,Office Supplies,3390,BP STATIONARARY,OFFICE SUPPLY & STATIONARY,Account Officer
2025-01-13,Office Supplies,4250,BP RIMS,OFFICE SUPPLY & STATIONARY,Account Officer
2025-01-14,Food & Dining,4800,BP VEGETABLES,GENERAL USE,Account Officer
2025-01-14,Utilities,550,BP SIR ASIF MOBILE PKG,GENERAL USE,Account Officer
2025-01-14,Miscellaneous,5000,BP WOOD,GENERAL USE,Account Officer
2025-01-15,Marketing,555,BP TEACHERS COMPAIN,GENERAL USE,Account Officer
2025-01-15,Miscellaneous,1000,BP KEEL,GENERAL USE,Account Officer
2025-01-15,Miscellaneous,250,BP SARA ITALIAN,GENERAL USE,Account Officer
2025-01-15,Office Supplies,1450,BP STAPLER PINS+SHOPER+RUBERBAND,STATIONARY,Account Officer
2025-01-15,Utilities,13400,"BP HASSAN RAZA , GASS CHARGES",GENERAL USE,Account Officer
2025-01-15,Miscellaneous,50000,"BP DENTAL , SIR QURESH",GENERAL USE,Account Officer
2025-01-15,Food & Dining,20210,BP DAYG KA SAMAN,GENERAL USE,Account Officer
2025-01-16,Transportation,1000,BP T. MISHBAH RENT,GENERAL USE,Account Officer
2025-01-16,Transportation,1000,BP HAJI VAN,GENERAL USE,Account Officer
2025-01-16,Miscellaneous,20830,BP MADINA STORE,GENERAL USE,Account Officer
2025-01-17,Food & Dining,9300,BP CHICKEN,GENERAL USE,Account Officer
2025-01-17,Transportation,10000,BP PETROL,GENERAL USE,Account Officer
2025-01-17,Miscellaneous,11500,BP GHR USE,GENERAL USE,Account Officer
2025-01-18,Miscellaneous,12000,BP PARCEL,GENERAL USE,Account Officer
2025-01-18,Miscellaneous,7200,BP PARCEL,GENERAL USE,Account Officer
2025-01-20,Miscellaneous,1740,BP GHR USE,GENERAL USE,Account Officer
2025-01-20,Miscellaneous,2430,BP GHR USE,GENERAL USE,Account Officer
2025-01-20,Transportation,9000,BP PETROL YARIS CAR,GENERAL USE,Account Officer
2025-01-20,Transportation,5000,BP VAN HAJI ABDUL REHMAN,GENERAL USE,Account Officer
2025-01-21,Food & Dining,1400,BP KARYANA,GENERAL USE,Account Officer
2025-01-21,Office Supplies,7810,BP AL-QASIM BOOK PELAS,STATIONARY,Account Officer
2025-01-21,Miscellaneous,1800,BP GHR USE,GENERAL USE,Account Officer
2025-01-23,Miscellaneous,200,BP SHAH SAB,GENERAL USE,Account Officer
2025-01-23,Miscellaneous,4400,BP KHAD,GENERAL USE,Account Officer
2025-01-23,Miscellaneous,1800,BP GHR USE,GENERAL USE,Account Officer
2025-01-23,Miscellaneous,2000,BP QAIDA KY DYA,GENERAL USE,Account Officer
2025-01-24,Office Supplies,240,BP SABIR PHOTO STATE,GENERAL USE,Account Officer
2025-01-25,Transportation,7000,BP PETROL YARIS CAR,GENERAL USE,Account Officer
2025-01-25,Transportation,700,BP SIR SAQIB CAR RENT KY LYA,GENERAL USE,Account Officer
2025-01-25,Education & Affiliation Fees,10210,BP FEES SUBMIT,GENERAL USE,Account Officer
2025-01-25,Miscellaneous,20000,BP GHR USE,GENERAL USE,Account Officer
2025-01-27,Transportation,2700,BP HAJI ABDUL REHMAN,GENERAL USE,Account Officer
2025-01-27,Food & Dining,8550,BP OIL BOX,GENERAL USE,Account Officer
2025-01-28,Miscellaneous,1000,BP ASGHAR,GENERAL USE,Account Officer
2025-01-28,Miscellaneous,8500,BP PARCEL,GENERAL USE,Account Officer
2025-01-28,Miscellaneous,800,BP GHR USE,GENERAL USE,Account Officer
2025-01-28,Transportation,3000,BP HAJI ABDUL REHMAN,GENERAL USE,Account Officer
2025-01-28,Office Supplies,750,BP KILL TOX,GENERAL USE,Account Officer
2025-01-29,Office Supplies,8630,BP AL-QASIM BOOK PALACE,STATIONARY,Account Officer
2025-01-29,Utilities,220,BP BLACK SWITCH,ELECTRIFICATION,Account Officer
2025-01-30,Miscellaneous,590,BP GHR USE,GENERAL USE,Account Officer
2025-01-31,Transportation,1000,BP PETROL,GENERAL USE,Account Officer
2025-01-31,Miscellaneous,16600,BP PARCEL,GENERAL USE,Account Officer
2025-01-31,Miscellaneous,500,BP SAFAYI WALY KO,GENERAL USE,Account Officer
2025-01-31,Salaries,25000,BP DRIVER SALARY,GENERAL USE,Account Officer
2025-01-31,Miscellaneous,1700,BP BAAN,GENERAL USE,Account Officer
2025-02-01,Miscellaneous,5500,BP GHR USE,GENERAL USE,Account Officer
2025-02-01,Miscellaneous,7000,BP FIAZ,GENERAL USE,Account Officer
2025-02-01,Marketing,500,BP CAMPION TEACHER,GENERAL USE,Account Officer
2025-02-01,Transportation,1000,BP SIR SAQIB RENT,GENERAL USE,Account Officer
2025-02-01,Miscellaneous,3000,BP WORKERS SAMAN,GENERAL USE,Account Officer
2025-02-03,Miscellaneous,2000,BP WOOOD,GENERAL USE,Account Officer
2025-02-03,Food & Dining,300,BP ONION,GENERAL USE,Account Officer
2025-02-03,Miscellaneous,13800,BP ADREES TRATERS,GENERAL USE,Account Officer
2025-02-03,Miscellaneous,600,BP FIAZ AHMAD,GENERAL USE,Account Officer
2025-02-03,Marketing,7500,BP CAMPION,GENERAL USE,Account Officer
2025-02-03,Miscellaneous,4300,"BP T. NAVEEDA , LOAN",GENERAL USE,Account Officer
2025-02-03,Miscellaneous,10200,BP AL - RAFIQ,GENERAL USE,Account Officer
2025-02-04,Office Supplies,2060,BP RIMS + TAP,STATIONARY,Account Officer
2025-02-04,Transportation,7600,BP PETROL,GENERAL USE,Account Officer
2025-02-04,Transportation,1000,BP T. MISHBA (RENT),GENERAL USE,Account Officer
2025-02-04,Food & Dining,1160,BP STAFF ( CHAYE ),GENERAL USE,Account Officer
2025-02-05,Office Supplies,900,BP REGISTER,GENERAL USE,Account Officer
2025-02-05,Food & Dining,2500,BP CHICKEN,GENERAL USE,Account Officer
2025-02-05,Food & Dining,550,BP VEGETABLE,GENERAL USE,Account Officer
2025-02-05,Miscellaneous,2240,BP ADREES TRATERS,GENERAL USE,Account Officer
2025-02-05,Miscellaneous,590,BP COLLEGE THINGS,GENERAL USE,Account Officer
2025-02-06,Office Supplies,1000,BP MEDICINE ( COW ),GENERAL USE,Account Officer
2025-02-06,Marketing,39000,BP PHOTO GRAPHIC,GENERAL USE,Account Officer
2025-02-06,Office Supplies,1000,BP CASH,NEWS PAPER,Account Officer
2025-02-07,Employee Benefits,162000,BP GOVT FEE (CHEQUE=SONERI CA76825470),EOBI,Account Officer
2025-02-07,Miscellaneous,325,BP BIN ASHRAF,GENERAL USE,Account Officer
2025-02-07,Office Supplies,900,BP ADMISSIONS REGISTER,GENERAL USE,Account Officer
2025-02-07,Marketing,500,BP CAMPION ( SIR SHAHID WASEEM ),GENERAL USE,Account Officer
2025-02-08,Office Supplies,2460,BP 10 CLASS PARTY THINGS,STATIONARY,Account Officer
2025-02-08,Miscellaneous,600,BP SELL,GENERAL USE,Account Officer
2025-02-10,Miscellaneous,2800,BP SHAHZAIB TUBAL,GENERAL USE,Account Officer
2025-02-10,Office Supplies,2600,BP AL-QASIM,GENERAL USE,Account Officer
2025-02-10,Marketing,39000,BP TALENT TEST PHOTO,GENERAL USE,Account Officer
2025-02-11,Transportation,600,BP SIR SAQIB ( RENT ),GENERAL USE,Account Officer
2025-02-11,Office Supplies,27600,BP PAPER SHEETS (AL QASIM BOOK SHOP),GENERAL USE,Account Officer
2all,Office Supplies,3110,BP AL-QASIM,STATIONARY,Account Officer
2025-02-12,Food & Dining,12000,BP DAAG THINGS,GENERAL USE,Account Officer
2025-02-12,Office Supplies,400,BP MEDICINE (ANIMALS),GENERAL USE,Account Officer
2025-02-12,Food & Dining,1900,BP TISSUE+CHILI,GENERAL USE,Account Officer
2025-02-13,Food & Dining,1800,BP EXAMINER KO KHANA KHILAYA,GENERAL USE,Account Officer
2025-02-13,Food & Dining,3000,BP CHICKPEA FOR DHONKY,GENERAL USE,Account Officer
2025-02-13,Food & Dining,2000,BP WHEAT,GENERAL USE,Account Officer
2025-02-13,Miscellaneous,300,BP COAT PRESS,GENERAL USE,Account Officer
2025-02-14,Office Supplies,1750,"BP AL-QASIM BOOK SHOP ,STAPLAR PINS",GENERAL USE,Account Officer
2025-02-14,Miscellaneous,3940,"BP TUBWAL KA BILL, FIAZ",GENERAL USE,Account Officer
2025-02-14,Miscellaneous,2960,"BP TUBWAL KA BILL , HAQ NAWAZ",GENERAL USE,Account Officer
2025-02-14,Transportation,500,"BP HAJI ABDUL REHMAN , RENT",GENERAL USE,Account Officer
2025-02-15,Food & Dining,2480,BP OIL+ZEERA,GENERAL USE,Account Officer
2025-02-15,Transportation,22000,BP YARIS+VRB CARS SERVICE,GENERAL USE,Account Officer
2025-02-15,Transportation,8000,BP PETROL (YARIS ),GENERAL USE,Account Officer
2025-02-16,Miscellaneous,5400,BP SHAHZAIB( TUBAL),GENERAL USE,Account Officer
2025-02-16,Miscellaneous,1400,BP SALMAN,GENERAL USE,Account Officer
2025-02-16,Miscellaneous,6900,BP M. MUSHTAQ,GENERAL USE,Account Officer
2025-02-19,Office Supplies,9740,BP AL-QASIM BOOK SHOP,STATIONARY,Account Officer
2025-02-19,Miscellaneous,12000,BP GRASS CUTTING MACHINE,GENERAL USE,Account Officer
2025-02-21,Miscellaneous,250,BP SHOPO CITY,GENERAL USE,Account Officer
2025-02-21,Miscellaneous,1000,BP SALMAN LOAN,GENERAL USE,Account Officer
2025-02-22,Office Supplies,50,BP INK-PAID,STATIONARY,Account Officer
2025-02-22,Miscellaneous,20000,BP SCHOOL+GHR,GENERAL USE,Account Officer
2025-02-22,Transportation,16030,BP CAR BRV OIL CHANGE,GENERAL USE,Account Officer
2025-02-22,Transportation,9910,BP YARIS CAR OIL CHANGE,GENERAL USE,Account Officer
2025-02-23,Miscellaneous,40000,BP GHR USE,GENERAL USE,Account Officer
2025-02-23,Transportation,13000,BP PETROL YARIS,GENERAL USE,Account Officer
2025-02-23,Miscellaneous,10000,BP SHEHBAZ MISTARY,GENERAL USE,Account Officer
2025-02-24,Office Supplies,2000,BP REGISTER,GENERAL USE,Account Officer
2025-02-25,Office Supplies,1000,BP AL-QASIM BOOK SHOP,STATIONARY,Account Officer
2025-02-25,Food & Dining,7600,BP SUGAR,GENERAL USE,Account Officer
2025-02-25,Office Supplies,8100,BP BOOTA KO DYA SHEETS KI PAYMENT,GENERAL USE,Account Officer
2025-02-25,Employee Benefits,22350,BP SOCIAL SECURITY PUNJAB BANK,GENERAL USE,Account Officer
2025-02-25,Salaries,30000,BP SIR ABID ADVANCE SALARY,GENERAL USE,Account Officer
2025-02-26,Office Supplies,2898,BP AL-QASIM RESULT CARD KY LYA,STATIONARY,Account Officer
2025-02-26,Marketing,4000,BP SABAR PHOTO GRAHPIC HIGH STAFF,GENERAL USE,Account Officer
2025-02-26,Miscellaneous,1800,BP PARTY KY LYA BOYS KO DYA,GENERAL USE,Account Officer
2025-02-26,Miscellaneous,7000,BP PARTY USE,GENERAL USE,Account Officer
2025-02-26,Charity,10000,BP SOCIAL SOCIETY,GENERAL USE,Account Officer
2025-02-27,Food & Dining,1800,BP OIL+WANS,GENERAL USE,Account Officer
2025-02-27,Transportation,7800,BP YARIS PETROL,GENERAL USE,Account Officer
2025-02-28,Food & Dining,2350,BP MATE (GHR USE),GENERAL USE,Account Officer
2025-03-01,Miscellaneous,2864,BP HANEEF HARDWARE,GENERAL USE,Account Officer
2025-03-01,Miscellaneous,8000,BP POPULAR PIPES,GENERAL USE,Account Officer
2025-03-01,Miscellaneous,960,BP SAH JAHAN,GENERAL USE,Account Officer
2025-03-02,Office Supplies,2500,BP SAPRAY,GENERAL USE,Account Officer
2025-03-02,Food & Dining,1690,BP DAHI BAHALY,GENERAL USE,Account Officer
2025-03-02,Miscellaneous,2200,BP UNCLE BOOTA,GENERAL USE,Account Officer
2025-03-02,Food & Dining,7300,BP CHIKEN,GENERAL USE,Account Officer
2025-03-03,Food & Dining,1650,BP MIRCH,GENERAL USE,Account Officer
2025-03-03,Food & Dining,1100,BP OIL,GENERAL USE,Account Officer
2025-03-03,Food & Dining,240,BP SALAT,GENERAL USE,Account Officer
2025-03-03,Utilities,4500,BP CABEL BILL,GENERAL USE,Account Officer
2025-03-04,Miscellaneous,800,BP NASAR AND HARDWARE,GENERAL USE,Account Officer
2025-03-04,Miscellaneous,1000,BP SHEHBAZ,GENERAL USE,Account Officer
2025-03-05,Food & Dining,10550,BP CANTEEN BILL RAUF AZMAN,GENERAL USE,Account Officer
2025-03-05,Office Supplies,11000,BP AL-QASIM BOOK SHOP,STATIONARY,Account Officer
2025-03-05,Office Supplies,1700,BP AL-QASIM BOOK SHOP,STATIONARY,Account Officer
2025-03-05,Miscellaneous,10000,BP SHEHBAZ MISTARY,GENERAL USE,Account Officer
2025-03-06,Office Supplies,1000,BP AL-QASIM NEWS,NEWS PAPER,Account Officer
2025-03-06,Office Supplies,1800,BP RANA BOOK SENTER ( 12 DAIRIES ),GENERAL USE,Account Officer
2025-03-06,Utilities,15810,BP AL-MADINA STORE (LIGHTS ),GENERAL USE,Account Officer
2025-03-06,Utilities,6566,BP SIR QURESH,ELECTRICITY,Account Officer
2025-03-06,Utilities,13793,BP MAM IFFAT ZIA,ELECTRICITY,Account Officer
2025-03-06,Utilities,1215,BP SIR QURESH,ELECTRICITY,Account Officer
2025-03-06,Office Supplies,1100,BP SCALE+SHOPPER,STATIONARY,Account Officer
2025-03-06,Miscellaneous,27000,BP MISTARY,GENERAL USE,Account Officer
2025-03-06,Miscellaneous,11600,BP GHR USE,GENERAL USE,Account Officer
2025-03-06,Miscellaneous,25394,BP SIR QURESH VOUCHERS USE,GENERAL USE,Account Officer
2025-03-08,Charity,10000,BP CHARITY,GENERAL USE,Account Officer
2025-03-12,Food & Dining,35000,BP CHUDHRY TRATERS (VANDA),GENERAL USE,Account Officer
2025-03-12,Employee Benefits,22260,BP SOCIAL SEQURITY,GENERAL USE,Account Officer
2025-03-12,Miscellaneous,30000,BP GHR+SCHOOL,GENERAL USE,Account Officer
2025-03-13,Miscellaneous,12000,BP EENT BILL,GENERAL USE,Account Officer
2025-03-13,Food & Dining,6500,BP AL-GHAFAR TRATERS JOAR,GENERAL USE,Account Officer
2025-03-13,Food & Dining,1900,BP DALLYA ANIMALS,GENERAL USE,Account Officer
2025-03-13,Miscellaneous,9000,BP SCHOOL USE,GENERAL USE,Account Officer
2025-03-14,Food & Dining,1100,BP OIL,GENERAL USE,Account Officer
2025-03-14,Miscellaneous,12000,BP SCHOOL USE,GENERAL USE,Account Officer
2025-03-14,Utilities,2630,BP PTCL BILL,GENERAL USE,Account Officer
2025-03-14,Miscellaneous,6000,BP SIR KHADIM,GENERAL USE,Account Officer
2025-03-15,Miscellaneous,15000,BP GAON + RAEET KI TRALI,GENERAL USE,Account Officer
2025-03-15,Salaries,15000,BP FIZAN ADVANCE,GENERAL USE,Account Officer
2025-03-17,Food & Dining,65500,BP M. ISHAQ WANDA,GENERAL USE,Account Officer
2025-03-17,Miscellaneous,17000,BP GHR USE,GENERAL USE,Account Officer
2025-03-18,Miscellaneous,3000,BP PAIEP REPAIR,GENERAL USE,Account Officer
2025-03-19,Food & Dining,7000,BP DAAG THINGS,GENERAL USE,Account Officer
2025-03-19,Miscellaneous,7500,BP WOOD,GENERAL USE,Account Officer
2025-03-20,Food & Dining,6800,BP VEGETABLES,GENERAL USE,Account Officer
2025-03-20,Charity,75000,BP CHARITY,GENERAL USE,Account Officer
2025-03-21,Food & Dining,16000,BP FRUIT +KHAJOOR,GENERAL USE,Account Officer
2025-03-21,Food & Dining,21000,BP CHICKEN,GENERAL USE,Account Officer
2025-03-22,Office Supplies,3200,BP SPRAY,GENERAL USE,Account Officer
2025-03-22,Transportation,2200,BP HAJI DRIVER (RENT),GENERAL USE,Account Officer
2025-03-22,Office Supplies,550,BP SHOPPER,GENERAL USE,Account Officer
2025-03-24,Utilities,720,BP GASS BILL (M. QURESH ),GENERAL USE,Account Officer
2025-03-24,Utilities,610,BP GASS BILL (M. QURESH ),GENERAL USE,Account Officer
2025-03-24,Utilities,600,BP GASS BILL (MAM IFFAT ),GENERAL USE,Account Officer
2025-03-25,Office Supplies,1700,BP AL-QASIM BOOK SHOP (2RIMS),STATIONARY,Account Officer
2025-03-25,Office Supplies,4250,BP AL-QASIM BOOK SHOP (5RIMS),STATIONARY,Account Officer
2025-03-25,Office Supplies,8350,BP SCHOOL USE,STATIONARY,Account Officer
2025-03-25,Transportation,2500,BP HAJI DRIVER VAN (RENT),GENERAL USE,Account Officer
2025-03-25,Food & Dining,10000,BP NAYI PAKWAN,GENERAL USE,Account Officer
2025-03-26,Office Supplies,600,BP 02 PACK ( FORM SHEET),STATIONARY,Account Officer
2025-03-26,Food & Dining,500,BP ONION,GENERAL USE,Account Officer
2025-03-26,Transportation,500,BP BIKE PETROL,GENERAL USE,Account Officer
2025-03-26,Food & Dining,5000,BP DANA ANIMAL KY LYA,GENERAL USE,Account Officer
2025-03-27,Miscellaneous,5000,BP RAZAQ HARDWARE,GENERAL USE,Account Officer
2025-03-27,Miscellaneous,5000,BP SCHOOL USE,GENERAL USE,Account Officer
2025-03-27,Food & Dining,2000,BP ATTA PASAI,GENERAL USE,Account Officer
2025-03-28,Office Supplies,1100,BP GHR LOCK,GENERAL USE,Account Officer
2025-03-28,Transportation,8360,BP PETROL YARIS,GENERAL USE,Account Officer
2025-03-28,Miscellaneous,1800,BP AL-FATAH,GENERAL USE,Account Officer
2025-03-28,Miscellaneous,5000,BP ANIMAL USE,GENERAL USE,Account Officer
2025-03-29,Office Supplies,1000,BP CASH,NEWS PAPER,Account Officer
2025-03-29,Miscellaneous,1200,BP RASI,GENERAL USE,Account Officer
2025-03-29,Miscellaneous,300,BP LEAD,GENERAL USE,Account Officer
2025-04-04,Office Supplies,40,BP REGISTER COVER (UNCLE BOOTA),GENERAL USE,Account Officer
2025-04-04,Food & Dining,1100,BP NAMAT OIL,GENERAL USE,Account Officer
2025-04-04,Miscellaneous,5000,BP GUZANFAR SHA,GENERAL USE,Account Officer
2025-04-07,Transportation,7000,BP YARIS PETROL,GENERAL USE,Account Officer
2025-04-07,Office Supplies,1000,BP GLASS SCHOOL USE,GENERAL USE,Account Officer
2025-04-07,Miscellaneous,900,BP SCHOOL,GENERAL USE,Account Officer
2025-04-07,Employee Benefits,79920,BP CASH,EOBI,Account Officer
2025-04-07,Technology,3450,BP PRINTER BILL,GENERAL USE,Account Officer
2025-04-07,Office Supplies,3290,BP SCHOLL USE,STATIONARY,Account Officer
2025-04-07,Miscellaneous,13340,BP SCHOOL + GHR,GENERAL USE,Account Officer
2025-04-08,Utilities,500,BP SALANDER GASS,GENERAL USE,Account Officer
2025-04-08,Office Supplies,4050,BP U . BOOTA,PHTOCOPY,Account Officer
2025-04-08,Miscellaneous,5450,BP SIR QURESH,GENERAL USE,Account Officer
2025-04-08,Transportation,8000,BP PETROL YARIS,GENERAL USE,Account Officer
2025-04-08,Transportation,300,BP MALIK TAIR,GENERAL USE,Account Officer
2025-04-08,Office Supplies,1000,BP NEWS PAPER BILL,NEWS PAPER,Account Officer
2025-04-09,Transportation,600,BP RENT RIKSHA,GENERAL USE,Account Officer
2025-04-10,Miscellaneous,24600,BP SIR QURESH TEST SHOKAT KHANAM,GENERAL USE,Account Officer
2025-04-10,Miscellaneous,6600,BP PAINT,GENERAL USE,Account Officer
2025-04-10,Transportation,500,BP PETROL,GENERAL USE,Account Officer
2025-04-10,Utilities,1810,BP PACKAGE,GENERAL USE,Account Officer
2025-04-10,Miscellaneous,12720,BP ADREES TRATERS,GENERAL USE,Account Officer
2025-04-11,Utilities,490,BP PACAKAGE TEACHERS MOBILE,GENERAL USE,Account Officer
2025-04-11,Office Supplies,1800,BP SUPRAY,GENERAL USE,Account Officer
2025-04-12,Utilities,250,BP SIR ASIF PACKAGE,GENERAL USE,Account Officer
2025-04-12,Utilities,250,BP SIR WAQAR SALEEM PACKAGE,GENERAL USE,Account Officer
2025-04-12,Office Supplies,1200,BP SUPRAY,GENERAL USE,Account Officer
2025-04-12,Utilities,500,BP GHAZANFAR SHAH MOBILE PACKAGE,GENERAL USE,Account Officer
2025-04-14,Miscellaneous,53400,BP RIAZ AHMAD PAINT,GENERAL USE,Account Officer
2025-04-14,Miscellaneous,600,BP SCHOOL THINGS,GENERAL USE,Account Officer
2025-04-14,Miscellaneous,2600,BP PAINT GOBIS BILL,GENERAL USE,Account Officer
2025-04-14,Office Supplies,700,BP 02 BRUSH SCHOOL,GENERAL USE,Account Officer
2025-04-15,Office Supplies,1700,BP AL-QASIM 02 PACK RIMS,GENERAL USE,Account Officer
2025-04-15,Office Supplies,1800,BP SUPRAY,GENERAL USE,Account Officer
2025-04-15,Utilities,7900,BP 06 MOBILE PACKAGES BILL,GENERAL USE,Account Officer
2025-04-15,Technology,7000,BP COMPUTER BILL,GENERAL USE,Account Officer
2025-04-15,Miscellaneous,13100,BP SIR KHADIM USES,GENERAL USE,Account Officer
2025-04-16,Miscellaneous,7900,BP KHAD ANIMALS,GENERAL USE,Account Officer
2025-04-16,Miscellaneous,9000,BP SEED CHUDAHRAY TRATERS,GENERAL USE,Account Officer
2025-04-16,Office Supplies,1800,BP SUPRAY,GENERAL USE,Account Officer
2025-04-17,Utilities,4500,BP CABEL BILL,GENERAL USE,Account Officer
2025-04-17,Office Supplies,860,BP DAWN BATHROOM ACCESSORIES,GENERAL USE,Account Officer
2025-04-18,Office Supplies,7360,BP AL-QASIM BOOK,STATIONARY,Account Officer
2025-04-18,Miscellaneous,4060,BP POPULAR PIPES,GENERAL USE,Account Officer
2025-04-18,Office Supplies,1850,BP AL-QASIM BOOK 5 BLUE FILES,STATIONARY,Account Officer
2025-04-18,Miscellaneous,5000,BP ANIMALS THINGS,GENERAL USE,Account Officer
2025-04-21,Transportation,150,BP MALIK TAIRS,GENERAL USE,Account Officer
2025-04-21,Utilities,350,BP T.HUMA PACKAGE,GENERAL USE,Account Officer
2025-04-21,Food & Dining,6000,BP PETROL+ GUEST FOOD,GENERAL USE,Account Officer
2025-04-21,Transportation,1000,BP SIR SAQIB RENT,GENERAL USE,Account Officer
2025-04-21,Utilities,200,BP WATER,GENERAL USE,Account Officer
2025-04-22,Miscellaneous,500,BP GHAZANFAR SHA,GENERAL USE,Account Officer
2025-04-22,Transportation,1000,BP SIR SAQIB RENT,GENERAL USE,Account Officer
2025-04-22,Education & Affiliation Fees,2000,BP BOARD REGISTRATIION FEES,GENERAL USE,Account Officer
2025-04-23,Miscellaneous,35000,BP SCHOOL USE,GENERAL USE,Account Officer
2025-04-24,Office Supplies,13274,BP PHOTOCOPY BILL,GENERAL USE,Account Officer
2025-04-24,Miscellaneous,6726,BP SIR QURAISH,GENERAL USE,Account Officer
2025-04-24,Office Supplies,8850,BP AL QASIM SHOP,STATIONARY,Account Officer
2025-04-24,Food & Dining,3000,BP SCHOOL USE (KDAHI KE LIA),GENERAL USE,Account Officer
2025-04-25,Education & Affiliation Fees,3000,BP GOVT SCHOOL,GENERAL USE,Account Officer
2025-04-25,Miscellaneous,30000,BP SCHOOL USE,GENERAL USE,Account Officer
2025-04-25,Miscellaneous,500,BP GHZANFAR SHAH,GENERAL USE,Account Officer
2025-04-25,Miscellaneous,500,BP HABIB ULLAH REHMAN,GENERAL USE,Account Officer
2025-04-25,Miscellaneous,1000,BP ANIMALS,GENERAL USE,Account Officer
2025-04-25,Transportation,7900,BP PETROL,GENERAL USE,Account Officer
2025-04-27,Food & Dining,9960,BP CHAMAN DRY FRUITS,GENERAL USE,Account Officer
2025-04-27,Office Supplies,7200,BP MEDICINE,GENERAL USE,Account Officer
2025-04-28,Miscellaneous,25000,BP SCHOOL USE,GENERAL USE,Account Officer
2025-04-28,Food & Dining,1380,BP TEACHER JUICE,GENERAL USE,Account Officer
2025-04-28,Food & Dining,3320,BP TEACHER LUNCH,GENERAL USE,Account Officer
2025-04-28,Miscellaneous,700,BP MAM IFFAT ZIA,GENERAL USE,Account Officer
2025-04-28,Miscellaneous,670,BP SIR QURESH,GENERAL USE,Account Officer
2025-04-28,Miscellaneous,820,BP GHUFRAAN ALI QURESH,GENERAL USE,Account Officer
2025-04-29,Miscellaneous,6000,BP KHAD + SPRAY,GENERAL USE,Account Officer
2025-04-29,Miscellaneous,42500,BP TOORDI (CASH),GENERAL USE,Account Officer
2025-04-30,Miscellaneous,380,BP DOUBLE HORES PAINT,GENERAL USE,Account Officer
2025-04-30,Office Supplies,6970,BP AL QASIM SHOP,STATIONARY,Account Officer
2025-05-01,Office Supplies,1000,BP SPRAY,GENERAL USE,Account Officer
2025-05-03,Utilities,250,BP TEACHER BALANCE,GENERAL USE,Account Officer
2025-05-05,Transportation,1720,BP M-TAG FAISALABAD,GENERAL USE,Account Officer
2025-05-05,Transportation,17000,BP PETROL BRV,GENERAL USE,Account Officer
2025-05-05,Salaries,4400,BP DRIVER,GENERAL USE,Account Officer
2025-05-06,Office Supplies,1000,BP NEWS,NEWS PAPER,Account Officer
2025-05-06,Miscellaneous,11100,BP SIR ABID,GENERAL USE,Account Officer
2025-05-06,Food & Dining,21000,BP HAFSA WHEAT 10-MAN,GENERAL USE,Account Officer
2025-05-06,Miscellaneous,2780000,BP NEW PAK JEWELERS,GENERAL USE,Account Officer
2025-05-11,Transportation,500,BP PETROL,GENERAL USE,Account Officer
2025-05-11,Food & Dining,6300,BP 35-KILO JWARE,GENERAL USE,Account Officer
2025-05-11,Food & Dining,600,BP 5-KILO BAJRA,GENERAL USE,Account Officer
2025-05-11,Food & Dining,1350,BP 8- KILO SAPAHIRE,GENERAL USE,Account Officer
2025-05-12,Transportation,1000,BP PETROL,GENERAL USE,Account Officer
2025-05-13,Employee Benefits,79920,BP CASH,EOBI,Account Officer
2025-05-13,Food & Dining,1000,BP CHICKEN,GENERAL USE,Account Officer
2025-05-13,Miscellaneous,9600,BP TUBEWELL,GENERAL USE,Account Officer
2025-05-13,Miscellaneous,6955,BP TUBEWELL,GENERAL USE,Account Officer
2025-05-15,Office Supplies,3250,BP SEHAT PHARMACY,GENERAL USE,Account Officer
2025-05-15,Utilities,550,BP AL-MUNIR ELECTRIC,ELECTRICITY,Account Officer
2025-05-15,Utilities,1700,BP AL-MADINA ELECTRIC,ELECTRICITY,Account Officer
2025-05-15,Office Supplies,3000,BP STUDENT PRINTERS,GENERAL USE,Account Officer
2025-05-15,Utilities,4500,BP WORLD TOUCH INTERNET AND CABLE,GENERAL USE,Account Officer
2025-05-15,Food & Dining,5360,BP GUJJAR HOTEL,REFRESHMENT,Account Officer
2025-05-17,Office Supplies,2450,BP STUDENT PRINTERS,GENERAL USE,Account Officer
2025-05-17,Miscellaneous,29000,BP PARTY,GENERAL USE,Account Officer
2025-05-17,Miscellaneous,8000,BP SCHOOL EXPENSE,GENERAL USE,Account Officer
2025-05-17,Food & Dining,7800,BP CHARI,GENERAL USE,Account Officer
2025-05-19,Food & Dining,840,BP FRUIT CAKE AND JUICE,REFRESHMENT,Account Officer
2025-05-19,Food & Dining,9740,BP GUJJAR HOTEL,GENERAL USE,Account Officer
2025-05-20,Employee Benefits,22289,BP SOCIAL SECURITY,GENERAL USE,Account Officer
2025-05-20,Utilities,8500,BP SIR KHADIM MOBILE PACKAGES,GENERAL USE,Account Officer
2025-05-21,Food & Dining,660,BP MADINA BAKRI,GENERAL USE,Account Officer
2025-05-21,Education & Affiliation Fees,1000,BP PRATICAL,GENERAL USE,Account Officer
2025-05-22,Office Supplies,630,BP BOOTA VOUCHERS,GENERAL USE,Account Officer
2025-05-22,Office Supplies,7900,BP AL-QASIM BOOK,GENERAL USE,Account Officer
2025-05-23,Food & Dining,3000,BP FRUIT CAKE JUICE,GENERAL USE,Account Officer
2025-05-23,Technology,2000,BP SAHIWAL FOR LAPTOP,GENERAL USE,Account Officer
2025-05-23,Education & Affiliation Fees,1600,BP BISE SWL CHALLAN 9TH CLASS,GENERAL USE,Account Officer
2025-05-24,Miscellaneous,16560,BP SALMAN HARDWARE,GENERAL USE,Account Officer
2025-05-24,Office Supplies,1500,BP STUDENT PRINTERS,GENERAL USE,Account Officer
2025-05-24,Food & Dining,1000,BP CHOCOLATE JAME,GENERAL USE,Account Officer
2025-05-24,Food & Dining,2430,BP GUJJAR HOTEL,GENERAL USE,Account Officer
2025-05-26,Utilities,640,BP BILL,SUI NORTHERN GAS PIPELINES,Account Officer
